Public Site Region Name,Consumption Band Name,Lower kWh p.a. Limit,Upper kWh p.a. Limit,Tariff Code,Use for default,Description,Unit of Measure,Jan,Feb,Mar,Apr,May,Jun,Jul,Aug,Sep,Oct,Nov,Dec,Annual Average
Far North,Low User Special,0,8000,Fixed,Yes,Daily Charge,$/day,0.3,0.3,0.3,0.3,0.3,0.3,0.3,0.3,0.3,0.3,0.3,0.3,0.3
Far North,Low User Special,0,8000,UN,No,Uncontrolled,$/kWh,0.3582,0.3613,0.3714,0.3855,0.3913,0.3892,0.3867,0.3805,0.3716,0.3627,0.3569,0.3546,0.373
Far North,Low User Special,0,8000,IN,Yes,All Inclusive,$/kWh,0.2977,0.3008,0.3109,0.325,0.3308,0.3287,0.3262,0.32,0.3111,0.3022,0.2964,0.2941,0.3125
Far North,Low User Special,0,8000,CN,No,Controlled,$/kWh,0.1891,0.1922,0.2023,0.2164,0.2222,0.2201,0.2176,0.2114,0.2025,0.1936,0.1878,0.1855,0.2039
Far North,Low User Special,0,8000,D,No,Day,$/kWh,0.3233,0.3264,0.3365,0.3506,0.3564,0.3543,0.3518,0.3456,0.3367,0.3278,0.322,0.3197,0.3381
Far North,Low User Special,0,8000,N,No,Night,$/kWh,0.1563,0.1594,0.1695,0.1836,0.1894,0.1873,0.1848,0.1786,0.1697,0.1608,0.155,0.1527,0.1711
Far North,Standard User Special,"8,000",12000,Fixed,Yes,Daily Charge,$/day,1.6931,1.6931,1.6931,1.6931,1.6931,1.6931,1.6931,1.6931,1.6931,1.6931,1.6931,1.6931,1.6931
Far North,Standard User Special,"8,000",12000,UN,No,Uncontrolled,$/kWh,0.2968,0.2999,0.31,0.3241,0.3299,0.3278,0.3253,0.3191,0.3102,0.3013,0.2955,0.2932,0.3116
Far North,Standard User Special,"8,000",12000,IN,Yes,All Inclusive,$/kWh,0.2364,0.2395,0.2496,0.2637,0.2695,0.2674,0.2649,0.2587,0.2498,0.2409,0.2351,0.2328,0.2512
Far North,Standard User Special,"8,000",12000,CN,No,Controlled,$/kWh,0.152,0.1551,0.1652,0.1793,0.1851,0.183,0.1805,0.1743,0.1654,0.1565,0.1507,0.1484,0.1668
Far North,Standard User Special,"8,000",12000,D,No,Day,$/kWh,0.2523,0.2554,0.2655,0.2796,0.2854,0.2833,0.2808,0.2746,0.2657,0.2568,0.251,0.2487,0.2671
Northland,Low User Special,0,8000,Fixed,Yes,Daily Charge,$/day,0.3,0.3,0.3,0.3,0.3,0.3,0.3,0.3,0.3,0.3,0.3,0.3,0.3
Northland,Low User Special,0,8000,UN,Yes,Uncontrolled,$/kWh,0.2421,0.2436,0.2562,0.2686,0.2743,0.2723,0.2698,0.2653,0.2564,0.2475,0.2417,0.2386,0.2569
Northland,Low User Special,0,8000,CN,Yes,Controlled,$/kWh,0.1521,0.1536,0.1662,0.1786,0.1843,0.1823,0.1798,0.1753,0.1664,0.1575,0.1517,0.1486,0.1669
Northland,Low User Special,0,8000,N8,No,Night Meter,$/kWh,0.1241,0.1256,0.1382,0.1506,0.1563,0.1543,0.1518,0.1473,0.1384,0.1295,0.1237,0.1206,0.1389
Northland,Standard User Special,"8,000",12000,Fixed,Yes,Daily Charge,$/day,0.8431,0.8431,0.8431,0.8431,0.8431,0.8431,0.8431,0.8431,0.8431,0.8431,0.8431,0.8431,0.8431
Northland,Standard User Special,"8,000",12000,UN,Yes,Uncontrolled,$/kWh,0.2173,0.2188,0.2314,0.2438,0.2495,0.2475,0.245,0.2405,0.2316,0.2227,0.2169,0.2138,0.2321
Northland,Standard User Special,"8,000",12000,CN,Yes,Controlled,$/kWh,0.1273,0.1288,0.1414,0.1538,0.1595,0.1575,0.155,0.1505,0.1416,0.1327,0.1269,0.1238,0.1421
Northland,Standard User Special,"8,000",12000,N8,No,Night Meter,$/kWh,0.0993,0.1008,0.1134,0.1258,0.1315,0.1295,0.127,0.1225,0.1136,0.1047,0.0989,0.0958,0.1141
Auckland North & West,Low User Special,0,8000,Fixed,Yes,Daily Charge,$/day,0.3,0.3,0.3,0.3,0.3,0.3,0.3,0.3,0.3,0.3,0.3,0.3,0.3
Auckland North & West,Low User Special,0,8000,UN,No,Uncontrolled,$/kWh,0.21,0.2116,0.2226,0.2366,0.2423,0.2402,0.2378,0.2333,0.2244,0.2154,0.2097,0.2066,0.2258
Auckland North & West,Low User Special,0,8000,IN,Yes,All Inclusive,$/kWh,0.202,0.2036,0.2146,0.2286,0.2343,0.2322,0.2298,0.2253,0.2164,0.2074,0.2017,0.1986,0.2178
Auckland North & West,Low User Special,0,8000,CN,No,Controlled,$/kWh,0.202,0.2036,0.2146,0.2286,0.2343,0.2322,0.2298,0.2253,0.2164,0.2074,0.2017,0.1986,0.2178
Auckland North & West,Low User Special,0,8000,N,No,Night,$/kWh,0.202,0.2036,0.2146,0.2286,0.2343,0.2322,0.2298,0.2253,0.2164,0.2074,0.2017,0.1986,0.2178
Auckland North & West,Low User Special,0,8000,N9,No,Night Meter,$/kWh,0.202,0.2036,0.2146,0.2286,0.2343,0.2322,0.2298,0.2253,0.2164,0.2074,0.2017,0.1986,0.2178
Auckland North & West,Low User Special,0,8000,D,No,Day,$/kWh,0.202,0.2036,0.2146,0.2286,0.2343,0.2322,0.2298,0.2253,0.2164,0.2074,0.2017,0.1986,0.2178
Auckland North & West,Standard User Special,8000,12000,Fixed,Yes,Daily Charge,$/day,1.6831,1.6831,1.6831,1.6831,1.6831,1.6831,1.6831,1.6831,1.6831,1.6831,1.6831,1.6831,1.6831
Auckland North & West,Standard User Special,8000,12000,UN,No,Uncontrolled,$/kWh,0.1469,0.1485,0.1595,0.1735,0.1792,0.1771,0.1747,0.1702,0.1613,0.1523,0.1466,0.1435,0.1627
Auckland North & West,Standard User Special,8000,12000,IN,Yes,All Inclusive,$/kWh,0.1389,0.1405,0.1515,0.1655,0.1712,0.1691,0.1667,0.1622,0.1533,0.1443,0.1386,0.1355,0.1547
Auckland North & West,Standard User Special,8000,12000,CN,No,Controlled,$/kWh,0.1389,0.1405,0.1515,0.1655,0.1712,0.1691,0.1667,0.1622,0.1533,0.1443,0.1386,0.1355,0.1547
Auckland North & West,Standard User Special,8000,12000,N,No,Night,$/kWh,0.1389,0.1405,0.1515,0.1655,0.1712,0.1691,0.1667,0.1622,0.1533,0.1443,0.1386,0.1355,0.1547
Auckland North & West,Standard User Special,8000,12000,N9,No,Night Meter,$/kWh,0.1389,0.1405,0.1515,0.1655,0.1712,0.1691,0.1667,0.1622,0.1533,0.1443,0.1386,0.1355,0.1547
Auckland North & West,Standard User Special,8000,12000,D,No,Day,$/kWh,0.1389,0.1405,0.1515,0.1655,0.1712,0.1691,0.1667,0.1622,0.1533,0.1443,0.1386,0.1355,0.1547
Auckland Central & Manukau,Low User Special,0,8000,Fixed,Yes,Daily Charge,$/day,0.3,0.3,0.3,0.3,0.3,0.3,0.3,0.3,0.3,0.3,0.3,0.3,0.3
Auckland Central & Manukau,Low User Special,0,8000,UN,No,Uncontrolled,$/kWh,0.21,0.2116,0.2226,0.2366,0.2423,0.2402,0.2378,0.2333,0.2244,0.2154,0.2097,0.2066,0.2258
Auckland Central & Manukau,Low User Special,0,8000,IN,Yes,All Inclusive,$/kWh,0.202,0.2036,0.2146,0.2286,0.2343,0.2322,0.2298,0.2253,0.2164,0.2074,0.2017,0.1986,0.2178
Auckland Central & Manukau,Low User Special,0,8000,CN,No,Controlled,$/kWh,0.202,0.2036,0.2146,0.2286,0.2343,0.2322,0.2298,0.2253,0.2164,0.2074,0.2017,0.1986,0.2178
Auckland Central & Manukau,Low User Special,0,8000,N,No,Night,$/kWh,0.202,0.2036,0.2146,0.2286,0.2343,0.2322,0.2298,0.2253,0.2164,0.2074,0.2017,0.1986,0.2178
Auckland Central & Manukau,Low User Special,0,8000,N9,No,Night Meter,$/kWh,0.202,0.2036,0.2146,0.2286,0.2343,0.2322,0.2298,0.2253,0.2164,0.2074,0.2017,0.1986,0.2178
Auckland Central & Manukau,Low User Special,0,8000,D,No,Day,$/kWh,0.202,0.2036,0.2146,0.2286,0.2343,0.2322,0.2298,0.2253,0.2164,0.2074,0.2017,0.1986,0.2178
Auckland Central & Manukau,Standard User Special,8000,12000,Fixed,Yes,Daily Charge,$/day,1.6831,1.6831,1.6831,1.6831,1.6831,1.6831,1.6831,1.6831,1.6831,1.6831,1.6831,1.6831,1.6831
Auckland Central & Manukau,Standard User Special,"8,000",12000,UN,No,Uncontrolled,$/kWh,0.1469,0.1485,0.1595,0.1735,0.1792,0.1771,0.1747,0.1702,0.1613,0.1523,0.1466,0.1435,0.1627
Auckland Central & Manukau,Standard User Special,8000,12000,IN,Yes,All Inclusive,$/kWh,0.1389,0.1405,0.1515,0.1655,0.1712,0.1691,0.1667,0.1622,0.1533,0.1443,0.1386,0.1355,0.1547
Auckland Central & Manukau,Standard User Special,8000,12000,CN,No,Controlled,$/kWh,0.1389,0.1405,0.1515,0.1655,0.1712,0.1691,0.1667,0.1622,0.1533,0.1443,0.1386,0.1355,0.1547
Auckland Central & Manukau,Standard User Special,8000,12000,N,No,Night,$/kWh,0.1389,0.1405,0.1515,0.1655,0.1712,0.1691,0.1667,0.1622,0.1533,0.1443,0.1386,0.1355,0.1547
Auckland Central & Manukau,Standard User Special,8000,12000,N9,No,Night Meter,$/kWh,0.1389,0.1405,0.1515,0.1655,0.1712,0.1691,0.1667,0.1622,0.1533,0.1443,0.1386,0.1355,0.1547
Auckland Central & Manukau,Standard User Special,8000,12000,D,No,Day,$/kWh,0.1389,0.1405,0.1515,0.1655,0.1712,0.1691,0.1667,0.1622,0.1533,0.1443,0.1386,0.1355,0.1547
Franklin & Papakura,Low User Special,0,8000,Fixed,Yes,Daily Charge,$/day,0.3,0.3,0.3,0.3,0.3,0.3,0.3,0.3,0.3,0.3,0.3,0.3,0.3
Franklin & Papakura,Low User Special,0,8000,UN,Yes,Uncontrolled,$/kWh,0.2311,0.231,0.2419,0.2553,0.2609,0.2589,0.2565,0.2519,0.2437,0.2357,0.2306,0.2275,0.2445
Franklin & Papakura,Low User Special,0,8000,CN,Yes,Controlled,$/kWh,0.1817,0.1816,0.1925,0.2059,0.2115,0.2095,0.2071,0.2025,0.1943,0.1863,0.1812,0.1781,0.1951
Franklin & Papakura,Low User Special,0,8000,N8,No,Night Meter,$/kWh,0.1817,0.1816,0.1925,0.2059,0.2115,0.2095,0.2071,0.2025,0.1943,0.1863,0.1812,0.1781,0.1951
Franklin & Papakura,Low User Special,0,8000,N11,No,Night Boost,$/kWh,0.1817,0.1816,0.1925,0.2059,0.2115,0.2095,0.2071,0.2025,0.1943,0.1863,0.1812,0.1781,0.1951
Franklin & Papakura,Standard User Special,8000,12000,Fixed,Yes,Daily Charge,$/day,1.3344,1.3344,1.3344,1.3344,1.3344,1.3344,1.3344,1.3344,1.3344,1.3344,1.3344,1.3344,1.3344
Franklin & Papakura,Standard User Special,8000,12000,UN,Yes,Uncontrolled,$/kWh,0.1839,0.1838,0.1947,0.2081,0.2137,0.2117,0.2093,0.2047,0.1965,0.1885,0.1834,0.1803,0.1973
Franklin & Papakura,Standard User Special,8000,12000,CN,Yes,Controlled,$/kWh,0.1345,0.1344,0.1453,0.1587,0.1643,0.1623,0.1599,0.1553,0.1471,0.1391,0.134,0.1309,0.1479
Franklin & Papakura,Standard User Special,8000,12000,N8,No,Night Meter,$/kWh,0.1345,0.1344,0.1453,0.1587,0.1643,0.1623,0.1599,0.1553,0.1471,0.1391,0.134,0.1309,0.1479
Franklin & Papakura,Standard User Special,8000,12000,N11,No,Night Boost,$/kWh,0.1345,0.1344,0.1453,0.1587,0.1643,0.1623,0.1599,0.1553,0.1471,0.1391,0.134,0.1309,0.1479
"South East Waikato, Thames Valley & Coromandel Peninsula",Low User Special,0,8000,Fixed,Yes,Daily Charge,$/day,0.3,0.3,0.3,0.3,0.3,0.3,0.3,0.3,0.3,0.3,0.3,0.3,0.3
"South East Waikato, Thames Valley & Coromandel Peninsula",Low User Special,0,8000,UN,Yes,Uncontrolled,$/kWh,0.2307,0.2323,0.2431,0.2572,0.263,0.261,0.2585,0.2539,0.245,0.2361,0.2302,0.2271,0.245
"South East Waikato, Thames Valley & Coromandel Peninsula",Low User Special,0,8000,IN,No,All Inclusive,$/kWh,0.2177,0.2193,0.2301,0.2442,0.25,0.248,0.2455,0.2409,0.232,0.2231,0.2172,0.2141,0.232
"South East Waikato, Thames Valley & Coromandel Peninsula",Low User Special,0,8000,CN,Yes,Controlled,$/kWh,0.195,0.1966,0.2074,0.2215,0.2273,0.2253,0.2228,0.2182,0.2093,0.2004,0.1945,0.1914,0.2093
"South East Waikato, Thames Valley & Coromandel Peninsula",Low User Special,0,8000,D,No,Day,$/kWh,0.2307,0.2323,0.2431,0.2572,0.263,0.261,0.2585,0.2539,0.245,0.2361,0.2302,0.2271,0.245
"South East Waikato, Thames Valley & Coromandel Peninsula",Low User Special,0,8000,N,No,Night,$/kWh,0.2307,0.2323,0.2431,0.2572,0.263,0.261,0.2585,0.2539,0.245,0.2361,0.2302,0.2271,0.245
"South East Waikato, Thames Valley & Coromandel Peninsula",Low User Special,0,8000,N9,No,Night Meter,$/kWh,0.1634,0.165,0.1758,0.1899,0.1957,0.1937,0.1912,0.1866,0.1777,0.1688,0.1629,0.1598,0.1777
"South East Waikato, Thames Valley & Coromandel Peninsula",Standard User Special,8000,12000,Fixed,Yes,Daily Charge,$/day,1.5592,1.5592,1.5592,1.5592,1.5592,1.5592,1.5592,1.5592,1.5592,1.5592,1.5592,1.5592,1.5592
"South East Waikato, Thames Valley & Coromandel Peninsula",Standard User Special,8000,12000,UN,Yes,Uncontrolled,$/kWh,0.1733,0.1749,0.1857,0.1998,0.2056,0.2036,0.2011,0.1965,0.1876,0.1787,0.1728,0.1697,0.1876
"South East Waikato, Thames Valley & Coromandel Peninsula",Standard User Special,8000,12000,IN,No,All Inclusive,$/kWh,0.1603,0.1619,0.1727,0.1868,0.1926,0.1906,0.1881,0.1835,0.1746,0.1657,0.1598,0.1567,0.1746
"South East Waikato, Thames Valley & Coromandel Peninsula",Standard User Special,8000,12000,CN,Yes,Controlled,$/kWh,0.1376,0.1392,0.15,0.1641,0.1699,0.1679,0.1654,0.1608,0.1519,0.143,0.1371,0.134,0.1519
"South East Waikato, Thames Valley & Coromandel Peninsula",Standard User Special,8000,12000,D,No,Day,$/kWh,0.1733,0.1749,0.1857,0.1998,0.2056,0.2036,0.2011,0.1965,0.1876,0.1787,0.1728,0.1697,0.1876
"South East Waikato, Thames Valley & Coromandel Peninsula",Standard User Special,8000,12000,N,No,Night,$/kWh,0.1733,0.1749,0.1857,0.1998,0.2056,0.2036,0.2011,0.1965,0.1876,0.1787,0.1728,0.1697,0.1876
"South East Waikato, Thames Valley & Coromandel Peninsula",Standard User Special,8000,12000,N9,No,Night Meter,$/kWh,0.106,0.1076,0.1184,0.1325,0.1383,0.1363,0.1338,0.1292,0.1203,0.1114,0.1055,0.1024,0.1203
Hamilton,Low User Special,0,8000,Fixed,Yes,Daily Charge,$/day,0.3,0.3,0.3,0.3,0.3,0.3,0.3,0.3,0.3,0.3,0.3,0.3,0.3
Hamilton,Low User Special,0,8000,UN,Yes,Uncontrolled,$/kWh,0.2261,0.2264,0.2374,0.2506,0.2556,0.2538,0.2517,0.2473,0.2391,0.2308,0.2261,0.2231,0.2405
Hamilton,Low User Special,0,8000,CN,Yes,Controlled,$/kWh,0.1646,0.1649,0.1759,0.1891,0.1941,0.1923,0.1902,0.1858,0.1776,0.1693,0.1646,0.1616,0.179
Hamilton,Low User Special,0,8000,N,No,Night,$/kWh,0.2261,0.2264,0.2374,0.2506,0.2556,0.2538,0.2517,0.2473,0.2391,0.2308,0.2261,0.2231,0.2405
Hamilton,Low User Special,0,8000,D,No,Day,$/kWh,0.2261,0.2264,0.2374,0.2506,0.2556,0.2538,0.2517,0.2473,0.2391,0.2308,0.2261,0.2231,0.2405
Hamilton,Standard User Special,8000,12000,Fixed,Yes,Daily Charge,$/day,1.8931,1.8931,1.8931,1.8931,1.8931,1.8931,1.8931,1.8931,1.8931,1.8931,1.8931,1.8931,1.8931
Hamilton,Standard User Special,8000,12000,UN,Yes,Uncontrolled,$/kWh,0.1534,0.1537,0.1647,0.1779,0.1829,0.1811,0.179,0.1746,0.1664,0.1581,0.1534,0.1504,0.1678
Hamilton,Standard User Special,"8,000",12000,CN,Yes,Controlled,$/kWh,0.0919,0.0922,0.1032,0.1164,0.1214,0.1196,0.1175,0.1131,0.1049,0.0966,0.0919,0.0889,0.1063
Hamilton,Standard User Special,8000,12000,N,No,Night,$/kWh,0.1534,0.1537,0.1647,0.1779,0.1829,0.1811,0.179,0.1746,0.1664,0.1581,0.1534,0.1504,0.1678
Hamilton,Standard User Special,8000,12000,D,No,Day,$/kWh,0.1534,0.1537,0.1647,0.1779,0.1829,0.1811,0.179,0.1746,0.1664,0.1581,0.1534,0.1504,0.1678
Waipa,Low User Special,0,8000,Fixed,Yes,Daily Charge,$/day,0.3,0.3,0.3,0.3,0.3,0.3,0.3,0.3,0.3,0.3,0.3,0.3,0.3
Waipa,Low User Special,0,8000,UN,Yes,Uncontrolled,$/kWh,0.2088,0.2089,0.2194,0.231,0.2365,0.2345,0.2321,0.2272,0.2204,0.2153,0.2085,0.2052,0.2216
Waipa,Low User Special,0,8000,IN,No,All Inclusive,$/kWh,0.1987,0.1988,0.2093,0.2209,0.2264,0.2244,0.222,0.2171,0.2103,0.2052,0.1984,0.1951,0.2115
Waipa,Low User Special,0,8000,CN,Yes,Controlled,$/kWh,0.1304,0.1305,0.141,0.1526,0.1581,0.1561,0.1537,0.1488,0.142,0.1369,0.1301,0.1268,0.1432
Waipa,Low User Special,0,8000,D,No,Day,$/kWh,0.2088,0.2089,0.2194,0.231,0.2365,0.2345,0.2321,0.2272,0.2204,0.2153,0.2085,0.2052,0.2216
Waipa,Low User Special,0,8000,N,No,Night,$/kWh,0.2088,0.2089,0.2194,0.231,0.2365,0.2345,0.2321,0.2272,0.2204,0.2153,0.2085,0.2052,0.2216
Waipa,Low User Special,0,8000,N8,No,Night Meter,$/kWh,0.1237,0.1238,0.1343,0.1459,0.1514,0.1494,0.147,0.1421,0.1353,0.1302,0.1234,0.1201,0.1365
Waipa,Standard User Special,8000,12000,Fixed,Yes,Daily Charge,$/day,0.8431,0.8431,0.8431,0.8431,0.8431,0.8431,0.8431,0.8431,0.8431,0.8431,0.8431,0.8431,0.8431
Waipa,Standard User Special,8000,12000,UN,Yes,Uncontrolled,$/kWh,0.184,0.1841,0.1946,0.2062,0.2117,0.2097,0.2073,0.2024,0.1956,0.1905,0.1837,0.1804,0.1968
Waipa,Standard User Special,8000,12000,IN,No,All Inclusive,$/kWh,0.1739,0.174,0.1845,0.1961,0.2016,0.1996,0.1972,0.1923,0.1855,0.1804,0.1736,0.1703,0.1867
Waipa,Standard User Special,8000,12000,CN,Yes,Controlled,$/kWh,0.1056,0.1057,0.1162,0.1278,0.1333,0.1313,0.1289,0.124,0.1172,0.1121,0.1053,0.102,0.1184
Waipa,Standard User Special,8000,12000,D,No,Day,$/kWh,0.184,0.1841,0.1946,0.2062,0.2117,0.2097,0.2073,0.2024,0.1956,0.1905,0.1837,0.1804,0.1968
Waipa,Standard User Special,8000,12000,N,No,Night,$/kWh,0.184,0.1841,0.1946,0.2062,0.2117,0.2097,0.2073,0.2024,0.1956,0.1905,0.1837,0.1804,0.1968
Waipa,Standard User Special,8000,12000,N8,No,Night Meter,$/kWh,0.0989,0.099,0.1095,0.1211,0.1266,0.1246,0.1222,0.1173,0.1105,0.1054,0.0986,0.0953,0.1117
Tauranga,Low User Special,0,8000,Fixed,Yes,Daily Charge,$/day,0.3,0.3,0.3,0.3,0.3,0.3,0.3,0.3,0.3,0.3,0.3,0.3,0.3
Tauranga,Low User Special,0,8000,UN,Yes,Uncontrolled,$/kWh,0.2182,0.22,0.2309,0.2498,0.2556,0.2536,0.2511,0.2417,0.2326,0.2237,0.218,0.2149,0.2355
Tauranga,Low User Special,0,8000,IN,No,All Inclusive,$/kWh,0.205,0.2068,0.2177,0.2366,0.2424,0.2404,0.2379,0.2285,0.2194,0.2105,0.2048,0.2017,0.2223
Tauranga,Low User Special,0,8000,CN,Yes,Controlled,$/kWh,0.1777,0.1795,0.1904,0.2093,0.2151,0.2131,0.2106,0.2012,0.1921,0.1832,0.1775,0.1744,0.195
Tauranga,Low User Special,0,8000,D,No,Day,$/kWh,0.2182,0.22,0.2309,0.2498,0.2556,0.2536,0.2511,0.2417,0.2326,0.2237,0.218,0.2149,0.2355
Tauranga,Low User Special,0,8000,N,No,Night,$/kWh,0.2182,0.22,0.2309,0.2498,0.2556,0.2536,0.2511,0.2417,0.2326,0.2237,0.218,0.2149,0.2355
Tauranga,Low User Special,0,8000,N9,No,Night Meter,$/kWh,0.1504,0.1522,0.1631,0.182,0.1878,0.1858,0.1833,0.1739,0.1648,0.1559,0.1502,0.1471,0.1677
Tauranga,Standard User Special,8000,12000,Fixed,Yes,Daily Charge,$/day,1.3864,1.3864,1.3864,1.3864,1.3864,1.3864,1.3864,1.3864,1.3864,1.3864,1.3864,1.3864,1.3864
Tauranga,Standard User Special,8000,12000,UN,Yes,Uncontrolled,$/kWh,0.1687,0.1705,0.1814,0.2003,0.2061,0.2041,0.2016,0.1922,0.1831,0.1742,0.1685,0.1654,0.186
Tauranga,Standard User Special,8000,12000,IN,No,All Inclusive,$/kWh,0.1555,0.1573,0.1682,0.1871,0.1929,0.1909,0.1884,0.179,0.1699,0.161,0.1553,0.1522,0.1728
Tauranga,Standard User Special,8000,12000,CN,Yes,Controlled,$/kWh,0.1282,0.13,0.1409,0.1598,0.1656,0.1636,0.1611,0.1517,0.1426,0.1337,0.128,0.1249,0.1455
Tauranga,Standard User Special,8000,12000,D,No,Day,$/kWh,0.1687,0.1705,0.1814,0.2003,0.2061,0.2041,0.2016,0.1922,0.1831,0.1742,0.1685,0.1654,0.186
Tauranga,Standard User Special,8000,12000,N,No,Night,$/kWh,0.1687,0.1705,0.1814,0.2003,0.2061,0.2041,0.2016,0.1922,0.1831,0.1742,0.1685,0.1654,0.186
Tauranga,Standard User Special,8000,12000,N9,No,Night Meter,$/kWh,0.1009,0.1027,0.1136,0.1325,0.1383,0.1363,0.1338,0.1244,0.1153,0.1064,0.1007,0.0976,0.1182
Rotorua,Low User Special,0,8000,Fixed,Yes,Daily Charge,$/day,0.3,0.3,0.3,0.3,0.3,0.3,0.3,0.3,0.3,0.3,0.3,0.3,0.3
Rotorua,Low User Special,0,8000,UN,No,Uncontrolled,$/kWh,0.2437,0.2445,0.2529,0.2645,0.27,0.268,0.2657,0.2613,0.2539,0.2466,0.2424,0.2401,0.255
Rotorua,Low User Special,0,8000,IN,Yes,All Inclusive,$/kWh,0.2227,0.2235,0.2319,0.2435,0.249,0.247,0.2447,0.2403,0.2329,0.2256,0.2214,0.2191,0.234
Rotorua,Low User Special,0,8000,CN,No,Controlled,$/kWh,0.1917,0.1925,0.2009,0.2125,0.218,0.216,0.2137,0.2093,0.2019,0.1946,0.1904,0.1881,0.203
Rotorua,Low User Special,0,8000,D,No,Day,$/kWh,0.2807,0.2815,0.2899,0.3015,0.307,0.305,0.3027,0.2983,0.2909,0.2836,0.2794,0.2771,0.292
Rotorua,Low User Special,0,8000,N,No,Night,$/kWh,0.1577,0.1585,0.1669,0.1785,0.184,0.182,0.1797,0.1753,0.1679,0.1606,0.1564,0.1541,0.169
Rotorua,Low User Special,0,8000,N9,No,Night Meter,$/kWh,0.1577,0.1585,0.1669,0.1785,0.184,0.182,0.1797,0.1753,0.1679,0.1606,0.1564,0.1541,0.169
Rotorua,Standard User Special,8000,12000,Fixed,Yes,Daily Charge,$/day,1.8431,1.8431,1.8431,1.8431,1.8431,1.8431,1.8431,1.8431,1.8431,1.8431,1.8431,1.8431,1.8431
Rotorua,Standard User Special,8000,12000,UN,No,Uncontrolled,$/kWh,0.1734,0.1742,0.1826,0.1942,0.1997,0.1977,0.1954,0.191,0.1836,0.1763,0.1721,0.1698,0.1847
Rotorua,Standard User Special,8000,12000,IN,Yes,All Inclusive,$/kWh,0.1524,0.1532,0.1616,0.1732,0.1787,0.1767,0.1744,0.17,0.1626,0.1553,0.1511,0.1488,0.1637
Rotorua,Standard User Special,8000,12000,CN,No,Controlled,$/kWh,0.1214,0.1222,0.1306,0.1422,0.1477,0.1457,0.1434,0.139,0.1316,0.1243,0.1201,0.1178,0.1327
Rotorua,Standard User Special,8000,12000,D,No,Day,$/kWh,0.1989,0.1997,0.2081,0.2197,0.2252,0.2232,0.2209,0.2165,0.2091,0.2018,0.1976,0.1953,0.2102
Rotorua,Standard User Special,8000,12000,N,No,Night,$/kWh,0.1169,0.1177,0.1261,0.1377,0.1432,0.1412,0.1389,0.1345,0.1271,0.1198,0.1156,0.1133,0.1282
Rotorua,Standard User Special,8000,12000,N9,No,Night Meter,$/kWh,0.1169,0.1177,0.1261,0.1377,0.1432,0.1412,0.1389,0.1345,0.1271,0.1198,0.1156,0.1133,0.1282
Taupo,Low User Special,0,8000,Fixed,Yes,Daily Charge,$/day,0.3,0.3,0.3,0.3,0.3,0.3,0.3,0.3,0.3,0.3,0.3,0.3,0.3
Taupo,Low User Special,0,8000,UN,No,Uncontrolled,$/kWh,0.2437,0.2445,0.2529,0.2645,0.27,0.268,0.2657,0.2613,0.2539,0.2466,0.2424,0.2401,0.2555
Taupo,Low User Special,0,8000,IN,Yes,All Inclusive,$/kWh,0.2227,0.2235,0.2319,0.2435,0.249,0.247,0.2447,0.2403,0.2329,0.2256,0.2214,0.2191,0.2345
Taupo,Low User Special,0,8000,CN,No,Controlled,$/kWh,0.1917,0.1925,0.2009,0.2125,0.218,0.216,0.2137,0.2093,0.2019,0.1946,0.1904,0.1881,0.2035
Taupo,Low User Special,0,8000,D,No,Day,$/kWh,0.2807,0.2815,0.2899,0.3015,0.307,0.305,0.3027,0.2983,0.2909,0.2836,0.2794,0.2771,0.2925
Taupo,Low User Special,0,8000,N,No,Night,$/kWh,0.1577,0.1585,0.1669,0.1785,0.184,0.182,0.1797,0.1753,0.1679,0.1606,0.1564,0.1541,0.1695
Taupo,Low User Special,0,8000,N9,No,Night Meter,$/kWh,0.1577,0.1585,0.1669,0.1785,0.184,0.182,0.1797,0.1753,0.1679,0.1606,0.1564,0.1541,0.1695
Taupo,Standard User Special,8000,12000,Fixed,Yes,Daily Charge,$/day,1.8431,1.8431,1.8431,1.8431,1.8431,1.8431,1.8431,1.8431,1.8431,1.8431,1.8431,1.8431,1.8431
Taupo,Standard User Special,"8,000",12000,UN,No,Uncontrolled,$/kWh,0.1734,0.1742,0.1826,0.1942,0.1997,0.1977,0.1954,0.191,0.1836,0.1763,0.1721,0.1698,0.1852
Taupo,Standard User Special,"8,000",12000,IN,Yes,All Inclusive,$/kWh,0.1524,0.1532,0.1616,0.1732,0.1787,0.1767,0.1744,0.17,0.1626,0.1553,0.1511,0.1488,0.1642
Taupo,Standard User Special,"8,000",12000,CN,No,Controlled,$/kWh,0.1214,0.1222,0.1306,0.1422,0.1477,0.1457,0.1434,0.139,0.1316,0.1243,0.1201,0.1178,0.1332
Taupo,Standard User Special,"8,000",12000,D,No,Day,$/kWh,0.1989,0.1997,0.2081,0.2197,0.2252,0.2232,0.2209,0.2165,0.2091,0.2018,0.1976,0.1953,0.2107
Taupo,Standard User Special,"8,000",12000,N,No,Night,$/kWh,0.1169,0.1177,0.1261,0.1377,0.1432,0.1412,0.1389,0.1345,0.1271,0.1198,0.1156,0.1133,0.1287
Taupo,Standard User Special,8000,12000,N9,No,Night Meter,$/kWh,0.1169,0.1177,0.1261,0.1377,0.1432,0.1412,0.1389,0.1345,0.1271,0.1198,0.1156,0.1133,0.1287
Eastern Bay of Plenty,Low User Special,0,8000,Fixed,Yes,Daily Charge,$/day,0.3,0.3,0.3,0.3,0.3,0.3,0.3,0.3,0.3,0.3,0.3,0.3,0.3
Eastern Bay of Plenty,Low User Special,0,8000,UN,No,Uncontrolled,$/kWh,0.2054,0.208,0.2189,0.2329,0.2385,0.2365,0.2341,0.2272,0.2174,0.2092,0.2044,0.2021,0.2198
Eastern Bay of Plenty,Low User Special,0,8000,IN,Yes,All Inclusive,$/kWh,0.2054,0.208,0.2189,0.2329,0.2385,0.2365,0.2341,0.2272,0.2174,0.2092,0.2044,0.2021,0.2198
Eastern Bay of Plenty,Low User Special,0,8000,CN,No,Controlled,$/kWh,0.2054,0.208,0.2189,0.2329,0.2385,0.2365,0.2341,0.2272,0.2174,0.2092,0.2044,0.2021,0.2198
Eastern Bay of Plenty,Low User Special,0,8000,N8,No,Night Meter,$/kWh,0.2054,0.208,0.2189,0.2329,0.2385,0.2365,0.2341,0.2272,0.2174,0.2092,0.2044,0.2021,0.2198
Eastern Bay of Plenty,Standard User Special,8000,12000,Fixed,Yes,Daily Charge,$/day,2.70587,2.70587,2.70587,2.70587,2.70587,2.70587,2.70587,2.70587,2.70587,2.70587,2.70587,2.70587,2.7059
Eastern Bay of Plenty,Standard User Special,8000,12000,UN,No,Uncontrolled,$/kWh,0.0956,0.0982,0.1091,0.1231,0.1287,0.1267,0.1243,0.1174,0.1076,0.0994,0.0946,0.0923,0.11
Eastern Bay of Plenty,Standard User Special,8000,12000,IN,Yes,All Inclusive,$/kWh,0.0956,0.0982,0.1091,0.1231,0.1287,0.1267,0.1243,0.1174,0.1076,0.0994,0.0946,0.0923,0.11
Eastern Bay of Plenty,Standard User Special,8000,12000,CN,No,Controlled,$/kWh,0.0956,0.0982,0.1091,0.1231,0.1287,0.1267,0.1243,0.1174,0.1076,0.0994,0.0946,0.0923,0.11
Eastern Bay of Plenty,Standard User Special,8000,12000,N8,No,Night Meter,$/kWh,0.0956,0.0982,0.1091,0.1231,0.1287,0.1267,0.1243,0.1174,0.1076,0.0994,0.0946,0.0923,0.11
Eastland (High Density),Low User Special,0,8000,Fixed,Yes,Daily Charge,$/day,0.3,0.3,0.3,0.3,0.3,0.3,0.3,0.3,0.3,0.3,0.3,0.3,0.3
Eastland (High Density),Low User Special,0,8000,UN,Yes,Uncontrolled,$/kWh,0.2697,0.2706,0.279,0.2905,0.2959,0.294,0.2917,0.2874,0.28,0.2727,0.2685,0.2663,0.2813
Eastland (High Density),Low User Special,0,8000,CN,Yes,Controlled,$/kWh,0.1921,0.193,0.2014,0.2129,0.2183,0.2164,0.2141,0.2098,0.2024,0.1951,0.1909,0.1887,0.2037
Eastland (High Density),Low User Special,0,8000,N8,No,Night Meter,$/kWh,0.2697,0.2706,0.279,0.2905,0.2959,0.294,0.2917,0.2874,0.28,0.2727,0.2685,0.2663,0.2813
Eastland (High Density),Standard User Special,8000,12000,Fixed,Yes,Daily Charge,$/day,0.8431,0.8431,0.8431,0.8431,0.8431,0.8431,0.8431,0.8431,0.8431,0.8431,0.8431,0.8431,0.8431
Eastland (High Density),Standard User Special,8000,12000,UN,Yes,Uncontrolled,$/kWh,0.2449,0.2458,0.2542,0.2657,0.2711,0.2692,0.2669,0.2626,0.2552,0.2479,0.2437,0.2415,0.2565
Eastland (High Density),Standard User Special,8000,12000,CN,Yes,Controlled,$/kWh,0.1673,0.1682,0.1766,0.1881,0.1935,0.1916,0.1893,0.185,0.1776,0.1703,0.1661,0.1639,0.1789
Eastland (High Density),Standard User Special,8000,12000,N8,No,Night Meter,$/kWh,0.2449,0.2458,0.2542,0.2657,0.2711,0.2692,0.2669,0.2626,0.2552,0.2479,0.2437,0.2415,0.2565
Eastland (Low Density),Low User Special,0,8000,Fixed,Yes,Daily Charge,$/day,0.3,0.3,0.3,0.3,0.3,0.3,0.3,0.3,0.3,0.3,0.3,0.3,0.3
Eastland (Low Density),Low User Special,0,8000,UN,Yes,Uncontrolled,$/kWh,0.2969,0.2978,0.3062,0.3177,0.3231,0.3212,0.3189,0.3146,0.3072,0.2999,0.2957,0.2935,0.3085
Eastland (Low Density),Low User Special,0,8000,CN,Yes,Controlled,$/kWh,0.21,0.2109,0.2193,0.2308,0.2362,0.2343,0.232,0.2277,0.2203,0.213,0.2088,0.2066,0.2216
Eastland (Low Density),Low User Special,0,8000,N8,No,Night Meter,$/kWh,0.2969,0.2978,0.3062,0.3177,0.3231,0.3212,0.3189,0.3146,0.3072,0.2999,0.2957,0.2935,0.3085
Eastland (Low Density),Standard User Special,8000,12000,Fixed,Yes,Daily Charge,$/day,0.8431,0.8431,0.8431,0.8431,0.8431,0.8431,0.8431,0.8431,0.8431,0.8431,0.8431,0.8431,0.8431
Eastland (Low Density),Standard User Special,8000,12000,UN,Yes,Uncontrolled,$/kWh,0.2721,0.273,0.2814,0.2929,0.2983,0.2964,0.2941,0.2898,0.2824,0.2751,0.2709,0.2687,0.2837
Eastland (Low Density),Standard User Special,8000,12000,CN,Yes,Controlled,$/kWh,0.1852,0.1861,0.1945,0.206,0.2114,0.2095,0.2072,0.2029,0.1955,0.1882,0.184,0.1818,0.1968
Eastland (Low Density),Standard User Special,8000,12000,N8,No,Night Meter,$/kWh,0.2721,0.273,0.2814,0.2929,0.2983,0.2964,0.2941,0.2898,0.2824,0.2751,0.2709,0.2687,0.2837
Hawkes Bay,Low User Special,0,8000,Fixed,Yes,Daily Charge,$/day,0.3,0.3,0.3,0.3,0.3,0.3,0.3,0.3,0.3,0.3,0.3,0.3,0.3
Hawkes Bay,Low User Special,0,8000,UN,No,Uncontrolled,$/kWh,0.2502,0.2511,0.2595,0.271,0.2764,0.2745,0.2722,0.2679,0.2605,0.2532,0.249,0.2468,0.2621
Hawkes Bay,Low User Special,0,8000,IN,Yes,All Inclusive,$/kWh,0.2282,0.2291,0.2375,0.249,0.2544,0.2525,0.2502,0.2459,0.2385,0.2312,0.227,0.2248,0.2401
Hawkes Bay,Low User Special,0,8000,CN,No,Controlled,$/kWh,0.1952,0.1961,0.2045,0.216,0.2214,0.2195,0.2172,0.2129,0.2055,0.1982,0.194,0.1918,0.2071
Hawkes Bay,Low User Special,0,8000,D,No,Day,$/kWh,0.2892,0.2901,0.2985,0.31,0.3154,0.3135,0.3112,0.3069,0.2995,0.2922,0.288,0.2858,0.3011
Hawkes Bay,Low User Special,0,8000,N,No,Night,$/kWh,0.1582,0.1591,0.1675,0.179,0.1844,0.1825,0.1802,0.1759,0.1685,0.1612,0.157,0.1548,0.1701
Hawkes Bay,Low User Special,0,8000,N9,No,Night Meter,$/kWh,0.1582,0.1591,0.1675,0.179,0.1844,0.1825,0.1802,0.1759,0.1685,0.1612,0.157,0.1548,0.1701
Hawkes Bay,Standard User Special,8000,12000,Fixed,Yes,Daily Charge,$/day,1.8431,1.8431,1.8431,1.8431,1.8431,1.8431,1.8431,1.8431,1.8431,1.8431,1.8431,1.8431,1.8431
Hawkes Bay,Standard User Special,8000,12000,UN,No,Uncontrolled,$/kWh,0.1799,0.1808,0.1892,0.2007,0.2061,0.2042,0.2019,0.1976,0.1902,0.1829,0.1787,0.1765,0.1918
Hawkes Bay,Standard User Special,8000,12000,IN,Yes,All Inclusive,$/kWh,0.1579,0.1588,0.1672,0.1787,0.1841,0.1822,0.1799,0.1756,0.1682,0.1609,0.1567,0.1545,0.1698
Hawkes Bay,Standard User Special,8000,12000,CN,No,Controlled,$/kWh,0.1249,0.1258,0.1342,0.1457,0.1511,0.1492,0.1469,0.1426,0.1352,0.1279,0.1237,0.1215,0.1368
Hawkes Bay,Standard User Special,8000,12000,D,No,Day,$/kWh,0.2069,0.2078,0.2162,0.2277,0.2331,0.2312,0.2289,0.2246,0.2172,0.2099,0.2057,0.2035,0.2188
Hawkes Bay,Standard User Special,"8,000",12000,N,No,Night,$/kWh,0.1174,0.1183,0.1267,0.1382,0.1436,0.1417,0.1394,0.1351,0.1277,0.1204,0.1162,0.114,0.1293
Hawkes Bay,Standard User Special,"8,000",12000,N9,No,Night Meter,$/kWh,0.1174,0.1183,0.1267,0.1382,0.1436,0.1417,0.1394,0.1351,0.1277,0.1204,0.1162,0.114,0.1293
Central Hawkes Bay,Low User Special,0,8000,Fixed,Yes,Daily Charge,$/day,0.3,0.3,0.3,0.3,0.3,0.3,0.3,0.3,0.3,0.3,0.3,0.3,0.3
Central Hawkes Bay,Low User Special,0,8000,UN,Yes,Uncontrolled,$/kWh,0.3035,0.3044,0.3112,0.32,0.3251,0.3233,0.321,0.3179,0.3121,0.3065,0.3023,0.3001,0.3131
Central Hawkes Bay,Low User Special,0,8000,CN,Yes,Controlled,$/kWh,0.2332,0.2341,0.2409,0.2497,0.2548,0.253,0.2507,0.2476,0.2418,0.2362,0.232,0.2298,0.2428
Central Hawkes Bay,Standard User Special,8000,12000,Fixed,Yes,Daily Charge,$/day,2.0931,2.0931,2.0931,2.0931,2.0931,2.0931,2.0931,2.0931,2.0931,2.0931,2.0931,2.0931,2.0931
Central Hawkes Bay,Standard User Special,8000,12000,UN,Yes,Uncontrolled,$/kWh,0.2217,0.2226,0.2294,0.2382,0.2433,0.2415,0.2392,0.2361,0.2303,0.2247,0.2205,0.2183,0.2313
Central Hawkes Bay,Standard User Special,8000,12000,CN,Yes,Controlled,$/kWh,0.1514,0.1523,0.1591,0.1679,0.173,0.1712,0.1689,0.1658,0.16,0.1544,0.1502,0.148,0.161
Southern Hawkes Bay,Low User Special,0,8000,Fixed,Yes,Daily Charge,$/day,0.3,0.3,0.3,0.3,0.3,0.3,0.3,0.3,0.3,0.3,0.3,0.3,0.3
Southern Hawkes Bay,Low User Special,0,8000,UN,Yes,Uncontrolled,$/kWh,0.2305,0.2314,0.2382,0.247,0.2521,0.2503,0.248,0.2449,0.2391,0.2335,0.2293,0.2271,0.2401
Southern Hawkes Bay,Low User Special,0,8000,CN,Yes,Controlled,$/kWh,0.2305,0.2314,0.2382,0.247,0.2521,0.2503,0.248,0.2449,0.2391,0.2335,0.2293,0.2271,0.2401
Southern Hawkes Bay,Standard User Special,"8,000",12000,Fixed,Yes,Daily Charge,$/day,0.8431,0.8431,0.8431,0.8431,0.8431,0.8431,0.8431,0.8431,0.8431,0.8431,0.8431,0.8431,0.8431
Southern Hawkes Bay,Standard User Special,8000,12000,UN,Yes,Uncontrolled,$/kWh,0.2057,0.2066,0.2134,0.2222,0.2273,0.2255,0.2232,0.2201,0.2143,0.2087,0.2045,0.2023,0.2153
Southern Hawkes Bay,Standard User Special,8000,12000,CN,Yes,Controlled,$/kWh,0.2057,0.2066,0.2134,0.2222,0.2273,0.2255,0.2232,0.2201,0.2143,0.2087,0.2045,0.2023,0.2153
Wairarapa,Low User Special,0,8000,Fixed,Yes,Daily Charge,$/day,0.3,0.3,0.3,0.3,0.3,0.3,0.3,0.3,0.3,0.3,0.3,0.3,0.3
Wairarapa,Low User Special,0,8000,UN_only,No,Uncontrolled,$/kWh,0.2249,0.2235,0.2345,0.25,0.2552,0.2534,0.2511,0.2466,0.2386,0.2304,0.2248,0.2218,0.2389
Wairarapa,Low User Special,0,8000,UN,Yes,Uncontrolled,$/kWh,0.218,0.2166,0.2276,0.2431,0.2483,0.2465,0.2442,0.2397,0.2317,0.2235,0.2179,0.2149,0.232
Wairarapa,Low User Special,0,8000,IN,No,All Inclusive,$/kWh,0.218,0.2166,0.2276,0.2431,0.2483,0.2465,0.2442,0.2397,0.2317,0.2235,0.2179,0.2149,0.232
Wairarapa,Low User Special,0,8000,CN,Yes,Controlled,$/kWh,0.218,0.2166,0.2276,0.2431,0.2483,0.2465,0.2442,0.2397,0.2317,0.2235,0.2179,0.2149,0.232
Wairarapa,Low User Special,0,8000,N,No,Night,$/kWh,0.1111,0.1097,0.1207,0.1362,0.1414,0.1396,0.1373,0.1328,0.1248,0.1166,0.111,0.108,0.1251
Wairarapa,Low User Special,0,8000,N8,No,Night Meter,$/kWh,0.1111,0.1097,0.1207,0.1362,0.1414,0.1396,0.1373,0.1328,0.1248,0.1166,0.111,0.108,0.1251
Wairarapa,Low User Special,0,8000,D,No,Day,$/kWh,0.2537,0.2523,0.2633,0.2788,0.284,0.2822,0.2799,0.2754,0.2674,0.2592,0.2536,0.2506,0.2677
Wairarapa,Standard User Special,8000,12000,Fixed_Unonly,No,Daily Charge,$/day,0.8431,0.8431,0.8431,0.8431,0.8431,0.8431,0.8431,0.8431,0.8431,0.8431,0.8431,0.8431,0.8431
Wairarapa,Standard User Special,8000,12000,Fixed,Yes,Daily Charge,$/day,0.6931,0.6931,0.6931,0.6931,0.6931,0.6931,0.6931,0.6931,0.6931,0.6931,0.6931,0.6931,0.6931
Wairarapa,Standard User Special,8000,12000,UN,Yes,Uncontrolled,$/kWh,0.2001,0.1987,0.2097,0.2252,0.2304,0.2286,0.2263,0.2218,0.2138,0.2056,0.2,0.197,0.2141
Wairarapa,Standard User Special,8000,12000,IN,No,All Inclusive,$/kWh,0.2001,0.1987,0.2097,0.2252,0.2304,0.2286,0.2263,0.2218,0.2138,0.2056,0.2,0.197,0.2141
Wairarapa,Standard User Special,8000,12000,CN,Yes,Controlled,$/kWh,0.2001,0.1987,0.2097,0.2252,0.2304,0.2286,0.2263,0.2218,0.2138,0.2056,0.2,0.197,0.2141
Wairarapa,Standard User Special,8000,12000,N,No,Night,$/kWh,0.0932,0.0918,0.1028,0.1183,0.1235,0.1217,0.1194,0.1149,0.1069,0.0987,0.0931,0.0901,0.1072
Wairarapa,Standard User Special,8000,12000,N8,No,Night Meter,$/kWh,0.0932,0.0918,0.1028,0.1183,0.1235,0.1217,0.1194,0.1149,0.1069,0.0987,0.0931,0.0901,0.1072
Wairarapa,Standard User Special,8000,12000,D,No,Day,$/kWh,0.2358,0.2344,0.2454,0.2609,0.2661,0.2643,0.262,0.2575,0.2495,0.2413,0.2357,0.2327,0.2498
New Plymouth,Low User Special,0,8000,Fixed,Yes,Daily Charge,$/day,0.3,0.3,0.3,0.3,0.3,0.3,0.3,0.3,0.3,0.3,0.3,0.3,0.3
New Plymouth,Low User Special,0,8000,UN_only,No,Uncontrolled,$/kWh,0.2134,0.2116,0.2226,0.238,0.2438,0.2417,0.2392,0.2346,0.2267,0.2187,0.2128,0.2097,0.227
New Plymouth,Low User Special,0,8000,UN,Yes,Uncontrolled,$/kWh,0.2065,0.2047,0.2157,0.2311,0.2369,0.2348,0.2323,0.2277,0.2198,0.2118,0.2059,0.2028,0.2201
New Plymouth,Low User Special,0,8000,IN,No,All Inclusive,$/kWh,0.2065,0.2047,0.2157,0.2311,0.2369,0.2348,0.2323,0.2277,0.2198,0.2118,0.2059,0.2028,0.2201
New Plymouth,Low User Special,0,8000,CN,Yes,Controlled,$/kWh,0.2065,0.2047,0.2157,0.2311,0.2369,0.2348,0.2323,0.2277,0.2198,0.2118,0.2059,0.2028,0.2201
New Plymouth,Low User Special,0,8000,N,No,Night,$/kWh,0.1192,0.1174,0.1284,0.1438,0.1496,0.1475,0.145,0.1404,0.1325,0.1245,0.1186,0.1155,0.1328
New Plymouth,Low User Special,0,8000,N8,No,Night Meter,$/kWh,0.1192,0.1174,0.1284,0.1438,0.1496,0.1475,0.145,0.1404,0.1325,0.1245,0.1186,0.1155,0.1328
New Plymouth,Low User Special,0,8000,D,No,Day,$/kWh,0.2313,0.2295,0.2405,0.2559,0.2617,0.2596,0.2571,0.2525,0.2446,0.2366,0.2307,0.2276,0.2449
New Plymouth,Standard User Special,8000,12000,Fixed_Unonly,No,Daily Charge,$/day,0.8431,0.8431,0.8431,0.8431,0.8431,0.8431,0.8431,0.8431,0.8431,0.8431,0.8431,0.8431,0.8431
New Plymouth,Standard User Special,8000,12000,Fixed,Yes,Daily Charge,$/day,0.6931,0.6931,0.6931,0.6931,0.6931,0.6931,0.6931,0.6931,0.6931,0.6931,0.6931,0.6931,0.6931
New Plymouth,Standard User Special,8000,12000,UN,Yes,Uncontrolled,$/kWh,0.1886,0.1868,0.1978,0.2132,0.219,0.2169,0.2144,0.2098,0.2019,0.1939,0.188,0.1849,0.2022
New Plymouth,Standard User Special,8000,12000,IN,No,All Inclusive,$/kWh,0.1886,0.1868,0.1978,0.2132,0.219,0.2169,0.2144,0.2098,0.2019,0.1939,0.188,0.1849,0.2022
New Plymouth,Standard User Special,8000,12000,CN,Yes,Controlled,$/kWh,0.1886,0.1868,0.1978,0.2132,0.219,0.2169,0.2144,0.2098,0.2019,0.1939,0.188,0.1849,0.2022
New Plymouth,Standard User Special,8000,12000,N,No,Night,$/kWh,0.1013,0.0995,0.1105,0.1259,0.1317,0.1296,0.1271,0.1225,0.1146,0.1066,0.1007,0.0976,0.1149
New Plymouth,Standard User Special,8000,12000,N8,No,Night Meter,$/kWh,0.1013,0.0995,0.1105,0.1259,0.1317,0.1296,0.1271,0.1225,0.1146,0.1066,0.1007,0.0976,0.1149
New Plymouth,Standard User Special,8000,12000,D,No,Day,$/kWh,0.2134,0.2116,0.2226,0.238,0.2438,0.2417,0.2392,0.2346,0.2267,0.2187,0.2128,0.2097,0.227
Wanganui,Low User Special,0,8000,Fixed,Yes,Daily Charge,$/day,0.3,0.3,0.3,0.3,0.3,0.3,0.3,0.3,0.3,0.3,0.3,0.3,0.3
Wanganui,Low User Special,0,8000,UN_only,No,Uncontrolled,$/kWh,0.2134,0.2116,0.2226,0.238,0.2438,0.2417,0.2392,0.2346,0.2267,0.2187,0.2128,0.2097,0.2274
Wanganui,Low User Special,0,8000,UN,No,Uncontrolled,$/kWh,0.2065,0.2047,0.2157,0.2311,0.2369,0.2348,0.2323,0.2277,0.2198,0.2118,0.2059,0.2028,0.2205
Wanganui,Low User Special,0,8000,IN,Yes,All Inclusive,$/kWh,0.2065,0.2047,0.2157,0.2311,0.2369,0.2348,0.2323,0.2277,0.2198,0.2118,0.2059,0.2028,0.2205
Wanganui,Low User Special,0,8000,CN,No,Controlled,$/kWh,0.2065,0.2047,0.2157,0.2311,0.2369,0.2348,0.2323,0.2277,0.2198,0.2118,0.2059,0.2028,0.2205
Wanganui,Low User Special,0,8000,N,No,Night,$/kWh,0.1192,0.1174,0.1284,0.1438,0.1496,0.1475,0.145,0.1404,0.1325,0.1245,0.1186,0.1155,0.1332
Wanganui,Low User Special,0,8000,N8,No,Night Meter,$/kWh,0.1192,0.1174,0.1284,0.1438,0.1496,0.1475,0.145,0.1404,0.1325,0.1245,0.1186,0.1155,0.1332
Wanganui,Low User Special,0,8000,D,No,Day,$/kWh,0.2313,0.2295,0.2405,0.2559,0.2617,0.2596,0.2571,0.2525,0.2446,0.2366,0.2307,0.2276,0.2453
Wanganui,Standard User Special,8000,12000,Fixed_Unonly,No,Daily Charge,$/day,0.8431,0.8431,0.8431,0.8431,0.8431,0.8431,0.8431,0.8431,0.8431,0.8431,0.8431,0.8431,0.8431
Wanganui,Standard User Special,8000,12000,Fixed,Yes,Daily Charge,$/day,0.6931,0.6931,0.6931,0.6931,0.6931,0.6931,0.6931,0.6931,0.6931,0.6931,0.6931,0.6931,0.6931
Wanganui,Standard User Special,8000,12000,UN,No,Uncontrolled,$/kWh,0.1886,0.1868,0.1978,0.2132,0.219,0.2169,0.2144,0.2098,0.2019,0.1939,0.188,0.1849,0.2026
Wanganui,Standard User Special,8000,12000,IN,Yes,All Inclusive,$/kWh,0.1886,0.1868,0.1978,0.2132,0.219,0.2169,0.2144,0.2098,0.2019,0.1939,0.188,0.1849,0.2026
Wanganui,Standard User Special,8000,12000,CN,No,Controlled,$/kWh,0.1886,0.1868,0.1978,0.2132,0.219,0.2169,0.2144,0.2098,0.2019,0.1939,0.188,0.1849,0.2026
Wanganui,Standard User Special,8000,12000,N,No,Night,$/kWh,0.1013,0.0995,0.1105,0.1259,0.1317,0.1296,0.1271,0.1225,0.1146,0.1066,0.1007,0.0976,0.1153
Wanganui,Standard User Special,8000,12000,N8,No,Night Meter,$/kWh,0.1013,0.0995,0.1105,0.1259,0.1317,0.1296,0.1271,0.1225,0.1146,0.1066,0.1007,0.0976,0.1153
Wanganui,Standard User Special,8000,12000,D,No,Day,$/kWh,0.2134,0.2116,0.2226,0.238,0.2438,0.2417,0.2392,0.2346,0.2267,0.2187,0.2128,0.2097,0.2274
Manawatu,Low User Special,0,8000,Fixed,Yes,Daily Charge,$/day,0.3,0.3,0.3,0.3,0.3,0.3,0.3,0.3,0.3,0.3,0.3,0.3,0.3
Manawatu,Low User Special,0,8000,UN_only,No,Uncontrolled,$/kWh,0.2134,0.2116,0.2226,0.238,0.2438,0.2417,0.2392,0.2346,0.2267,0.2187,0.2128,0.2097,0.2273
Manawatu,Low User Special,0,8000,UN,Yes,Uncontrolled,$/kWh,0.2065,0.2047,0.2157,0.2311,0.2369,0.2348,0.2323,0.2277,0.2198,0.2118,0.2059,0.2028,0.2204
Manawatu,Low User Special,0,8000,IN,No,All Inclusive,$/kWh,0.2065,0.2047,0.2157,0.2311,0.2369,0.2348,0.2323,0.2277,0.2198,0.2118,0.2059,0.2028,0.2204
Manawatu,Low User Special,0,8000,CN,Yes,Controlled,$/kWh,0.2065,0.2047,0.2157,0.2311,0.2369,0.2348,0.2323,0.2277,0.2198,0.2118,0.2059,0.2028,0.2204
Manawatu,Low User Special,0,8000,N,No,Night,$/kWh,0.1192,0.1174,0.1284,0.1438,0.1496,0.1475,0.145,0.1404,0.1325,0.1245,0.1186,0.1155,0.1331
Manawatu,Low User Special,0,8000,N8,No,Night Meter,$/kWh,0.1192,0.1174,0.1284,0.1438,0.1496,0.1475,0.145,0.1404,0.1325,0.1245,0.1186,0.1155,0.1331
Manawatu,Low User Special,0,8000,D,No,Day,$/kWh,0.2313,0.2295,0.2405,0.2559,0.2617,0.2596,0.2571,0.2525,0.2446,0.2366,0.2307,0.2276,0.2452
Manawatu,Standard User Special,8000,12000,Fixed_Unonly,No,Daily Charge,$/day,0.8431,0.8431,0.8431,0.8431,0.8431,0.8431,0.8431,0.8431,0.8431,0.8431,0.8431,0.8431,0.8431
Manawatu,Standard User Special,8000,12000,Fixed,Yes,Daily Charge,$/day,0.6931,0.6931,0.6931,0.6931,0.6931,0.6931,0.6931,0.6931,0.6931,0.6931,0.6931,0.6931,0.6931
Manawatu,Standard User Special,8000,12000,UN,Yes,Uncontrolled,$/kWh,0.1886,0.1868,0.1978,0.2132,0.219,0.2169,0.2144,0.2098,0.2019,0.1939,0.188,0.1849,0.2025
Manawatu,Standard User Special,8000,12000,IN,No,All Inclusive,$/kWh,0.1886,0.1868,0.1978,0.2132,0.219,0.2169,0.2144,0.2098,0.2019,0.1939,0.188,0.1849,0.2025
Manawatu,Standard User Special,8000,12000,CN,Yes,Controlled,$/kWh,0.1886,0.1868,0.1978,0.2132,0.219,0.2169,0.2144,0.2098,0.2019,0.1939,0.188,0.1849,0.2025
Manawatu,Standard User Special,8000,12000,N,No,Night,$/kWh,0.1013,0.0995,0.1105,0.1259,0.1317,0.1296,0.1271,0.1225,0.1146,0.1066,0.1007,0.0976,0.1152
Manawatu,Standard User Special,8000,12000,N8,No,Night Meter,$/kWh,0.1013,0.0995,0.1105,0.1259,0.1317,0.1296,0.1271,0.1225,0.1146,0.1066,0.1007,0.0976,0.1152
Manawatu,Standard User Special,8000,12000,D,No,Day,$/kWh,0.2134,0.2116,0.2226,0.238,0.2438,0.2417,0.2392,0.2346,0.2267,0.2187,0.2128,0.2097,0.2273
Rangitikei & Hawera,Low User Special,0,8000,Fixed,Yes,Daily Charge,$/day,0.3,0.3,0.3,0.3,0.3,0.3,0.3,0.3,0.3,0.3,0.3,0.3,0.3
Rangitikei & Hawera,Low User Special,0,8000,UN_only,No,Uncontrolled,$/kWh,0.2412,0.2395,0.2503,0.2658,0.2717,0.2696,0.2671,0.2625,0.2546,0.2465,0.2407,0.2375,0.2546
Rangitikei & Hawera,Low User Special,0,8000,UN,No,Uncontrolled,$/kWh,0.2343,0.2326,0.2434,0.2589,0.2648,0.2627,0.2602,0.2556,0.2477,0.2396,0.2338,0.2306,0.2477
Rangitikei & Hawera,Low User Special,0,8000,IN,Yes,All Inclusive,$/kWh,0.2343,0.2326,0.2434,0.2589,0.2648,0.2627,0.2602,0.2556,0.2477,0.2396,0.2338,0.2306,0.2477
Rangitikei & Hawera,Low User Special,0,8000,CN,No,Controlled,$/kWh,0.2343,0.2326,0.2434,0.2589,0.2648,0.2627,0.2602,0.2556,0.2477,0.2396,0.2338,0.2306,0.2477
Rangitikei & Hawera,Low User Special,0,8000,N,No,Night,$/kWh,0.1249,0.1232,0.134,0.1495,0.1554,0.1533,0.1508,0.1462,0.1383,0.1302,0.1244,0.1212,0.1383
Rangitikei & Hawera,Low User Special,0,8000,N8,No,Night Meter,$/kWh,0.1249,0.1232,0.134,0.1495,0.1554,0.1533,0.1508,0.1462,0.1383,0.1302,0.1244,0.1212,0.1383
Rangitikei & Hawera,Low User Special,0,8000,D,No,Day,$/kWh,0.2698,0.2681,0.2789,0.2944,0.3003,0.2982,0.2957,0.2911,0.2832,0.2751,0.2693,0.2661,0.2832
Rangitikei & Hawera,Standard User Special,8000,12000,Fixed_Unonly,No,Daily Charge,$/day,0.8431,0.8431,0.8431,0.8431,0.8431,0.8431,0.8431,0.8431,0.8431,0.8431,0.8431,0.8431,0.8431
Rangitikei & Hawera,Standard User Special,8000,12000,Fixed,Yes,Daily Charge,$/day,0.6931,0.6931,0.6931,0.6931,0.6931,0.6931,0.6931,0.6931,0.6931,0.6931,0.6931,0.6931,0.6931
Rangitikei & Hawera,Standard User Special,8000,12000,UN,No,Uncontrolled,$/kWh,0.2164,0.2147,0.2255,0.241,0.2469,0.2448,0.2423,0.2377,0.2298,0.2217,0.2159,0.2127,0.2298
Rangitikei & Hawera,Standard User Special,8000,12000,IN,Yes,All Inclusive,$/kWh,0.2164,0.2147,0.2255,0.241,0.2469,0.2448,0.2423,0.2377,0.2298,0.2217,0.2159,0.2127,0.2298
Rangitikei & Hawera,Standard User Special,8000,12000,CN,No,Controlled,$/kWh,0.2164,0.2147,0.2255,0.241,0.2469,0.2448,0.2423,0.2377,0.2298,0.2217,0.2159,0.2127,0.2298
Rangitikei & Hawera,Standard User Special,8000,12000,N,No,Night,$/kWh,0.107,0.1053,0.1161,0.1316,0.1375,0.1354,0.1329,0.1283,0.1204,0.1123,0.1065,0.1033,0.1204
Rangitikei & Hawera,Standard User Special,8000,12000,N8,No,Night Meter,$/kWh,0.107,0.1053,0.1161,0.1316,0.1375,0.1354,0.1329,0.1283,0.1204,0.1123,0.1065,0.1033,0.1204
Rangitikei & Hawera,Standard User Special,8000,12000,D,No,Day,$/kWh,0.2519,0.2502,0.261,0.2765,0.2824,0.2803,0.2778,0.2732,0.2653,0.2572,0.2514,0.2482,0.2653
Kapiti and Horowhenua,Low User Special,0,8000,Fixed,Yes,Daily Charge,$/day,0.3,0.3,0.3,0.3,0.3,0.3,0.3,0.3,0.3,0.3,0.3,0.3,0.3
Kapiti and Horowhenua,Low User Special,0,8000,UN,Yes,Uncontrolled,$/kWh,0.2397,0.2413,0.2523,0.2663,0.272,0.2699,0.2675,0.263,0.2541,0.2451,0.2394,0.2363,0.2555
Kapiti and Horowhenua,Low User Special,0,8000,IN,No,All Inclusive,$/kWh,0.2121,0.2137,0.2247,0.2387,0.2444,0.2423,0.2399,0.2354,0.2265,0.2175,0.2118,0.2087,0.2279
Kapiti and Horowhenua,Low User Special,0,8000,CN,Yes,Controlled,$/kWh,0.1569,0.1585,0.1695,0.1835,0.1892,0.1871,0.1847,0.1802,0.1713,0.1623,0.1566,0.1535,0.1727
Kapiti and Horowhenua,Low User Special,0,8000,N,No,Night,$/kWh,0.1276,0.1292,0.1402,0.1542,0.1599,0.1578,0.1554,0.1509,0.142,0.133,0.1273,0.1242,0.1434
Kapiti and Horowhenua,Low User Special,0,8000,N8,No,Night Meter,$/kWh,0.1248,0.1264,0.1374,0.1514,0.1571,0.155,0.1526,0.1481,0.1392,0.1302,0.1245,0.1214,0.1406
Kapiti and Horowhenua,Low User Special,0,8000,D,No,Day,$/kWh,0.2525,0.2541,0.2651,0.2791,0.2848,0.2827,0.2803,0.2758,0.2669,0.2579,0.2522,0.2491,0.2683
Kapiti and Horowhenua,Low User Special,0,8000,N11,No,Night Boost,$/kWh,0.1284,0.13,0.141,0.155,0.1607,0.1586,0.1562,0.1517,0.1428,0.1338,0.1281,0.125,0.1442
Kapiti and Horowhenua,Standard User Special,8000,12000,Fixed,Yes,Daily Charge,$/day,0.8431,0.8431,0.8431,0.8431,0.8431,0.8431,0.8431,0.8431,0.8431,0.8431,0.8431,0.8431,0.8431
Kapiti and Horowhenua,Standard User Special,8000,12000,UN,Yes,Uncontrolled,$/kWh,0.2149,0.2165,0.2275,0.2415,0.2472,0.2451,0.2427,0.2382,0.2293,0.2203,0.2146,0.2115,0.2307
Kapiti and Horowhenua,Standard User Special,8000,12000,IN,No,All Inclusive,$/kWh,0.1873,0.1889,0.1999,0.2139,0.2196,0.2175,0.2151,0.2106,0.2017,0.1927,0.187,0.1839,0.2031
Kapiti and Horowhenua,Standard User Special,8000,12000,CN,Yes,Controlled,$/kWh,0.1321,0.1337,0.1447,0.1587,0.1644,0.1623,0.1599,0.1554,0.1465,0.1375,0.1318,0.1287,0.1479
Kapiti and Horowhenua,Standard User Special,8000,12000,N,No,Night,$/kWh,0.1028,0.1044,0.1154,0.1294,0.1351,0.133,0.1306,0.1261,0.1172,0.1082,0.1025,0.0994,0.1186
Kapiti and Horowhenua,Standard User Special,8000,12000,N8,No,Night Meter,$/kWh,0.1,0.1016,0.1126,0.1266,0.1323,0.1302,0.1278,0.1233,0.1144,0.1054,0.0997,0.0966,0.1158
Kapiti and Horowhenua,Standard User Special,8000,12000,D,No,Day,$/kWh,0.2277,0.2293,0.2403,0.2543,0.26,0.2579,0.2555,0.251,0.2421,0.2331,0.2274,0.2243,0.2435
Kapiti and Horowhenua,Standard User Special,8000,12000,N11,No,Night Boost,$/kWh,0.1036,0.1052,0.1162,0.1302,0.1359,0.1338,0.1314,0.1269,0.118,0.109,0.1033,0.1002,0.1194
Wellington,Low User Special,0,8000,Fixed,Yes,Daily Charge,$/day,0.3,0.3,0.3,0.3,0.3,0.3,0.3,0.3,0.3,0.3,0.3,0.3,0.3
Wellington,Low User Special,0,8000,UN,No,Uncontrolled,$/kWh,0.2232,0.2249,0.2357,0.2498,0.2554,0.2534,0.251,0.2465,0.2375,0.2287,0.2228,0.2197,0.2393
Wellington,Low User Special,0,8000,IN,Yes,All Inclusive,$/kWh,0.2003,0.202,0.2128,0.2269,0.2325,0.2305,0.2281,0.2236,0.2146,0.2058,0.1999,0.1968,0.2164
Wellington,Low User Special,0,8000,CN,No,Controlled,$/kWh,0.1632,0.1649,0.1757,0.1898,0.1954,0.1934,0.191,0.1865,0.1775,0.1687,0.1628,0.1597,0.1793
Wellington,Low User Special,0,8000,N,No,Night,$/kWh,0.2003,0.202,0.2128,0.2269,0.2325,0.2305,0.2281,0.2236,0.2146,0.2058,0.1999,0.1968,0.2164
Wellington,Low User Special,0,8000,N10,No,Night Meter,$/kWh,0.1263,0.128,0.1388,0.1529,0.1585,0.1565,0.1541,0.1496,0.1406,0.1318,0.1259,0.1228,0.1424
Wellington,Low User Special,0,8000,D,No,Day,$/kWh,0.2003,0.202,0.2128,0.2269,0.2325,0.2305,0.2281,0.2236,0.2146,0.2058,0.1999,0.1968,0.2164
Wellington,Standard User Special,8000,12000,Fixed,Yes,Daily Charge,$/day,1.7931,1.7931,1.7931,1.7931,1.7931,1.7931,1.7931,1.7931,1.7931,1.7931,1.7931,1.7931,1.7931
Wellington,Standard User Special,8000,12000,UN,No,Uncontrolled,$/kWh,0.1551,0.1568,0.1676,0.1817,0.1873,0.1853,0.1829,0.1784,0.1694,0.1606,0.1547,0.1516,0.1712
Wellington,Standard User Special,8000,12000,IN,Yes,All Inclusive,$/kWh,0.1325,0.1342,0.145,0.1591,0.1647,0.1627,0.1603,0.1558,0.1468,0.138,0.1321,0.129,0.1486
Wellington,Standard User Special,8000,12000,CN,No,Controlled,$/kWh,0.1048,0.1065,0.1173,0.1314,0.137,0.135,0.1326,0.1281,0.1191,0.1103,0.1044,0.1013,0.1209
Wellington,Standard User Special,8000,12000,N,No,Night,$/kWh,0.1325,0.1342,0.145,0.1591,0.1647,0.1627,0.1603,0.1558,0.1468,0.138,0.1321,0.129,0.1486
Wellington,Standard User Special,8000,12000,N10,No,Night Meter,$/kWh,0.0999,0.1016,0.1124,0.1265,0.1321,0.1301,0.1277,0.1232,0.1142,0.1054,0.0995,0.0964,0.116
Wellington,Standard User Special,8000,12000,D,No,Day,$/kWh,0.1325,0.1342,0.145,0.1591,0.1647,0.1627,0.1603,0.1558,0.1468,0.138,0.1321,0.129,0.1486
Nelson,Low User Special,0,8000,Fixed,Yes,Daily Charge,$/day,0.3,0.3,0.3,0.3,0.3,0.3,0.3,0.3,0.3,0.3,0.3,0.3,0.3
Nelson,Low User Special,0,8000,UN,Yes,Uncontrolled,$/kWh,0.2028,0.2052,0.2137,0.2228,0.2283,0.2263,0.224,0.2181,0.2115,0.2058,0.2016,0.1992,0.2147
Nelson,Low User Special,0,8000,CN,Yes,Controlled,$/kWh,0.1655,0.1679,0.1764,0.1855,0.191,0.189,0.1867,0.1808,0.1742,0.1685,0.1643,0.1619,0.1774
Nelson,Low User Special,0,8000,N8,No,Night Meter,$/kWh,0.1449,0.1473,0.1558,0.1649,0.1704,0.1684,0.1661,0.1602,0.1536,0.1479,0.1437,0.1413,0.1568
Nelson,Standard User Special,8000,12000,Fixed,Yes,Daily Charge,$/day,1.6711,1.6711,1.6711,1.6711,1.6711,1.6711,1.6711,1.6711,1.6711,1.6711,1.6711,1.6711,1.6711
Nelson,Standard User Special,8000,12000,UN,Yes,Uncontrolled,$/kWh,0.1325,0.1349,0.1434,0.1525,0.158,0.156,0.1537,0.1478,0.1412,0.1355,0.1313,0.1289,0.1444
Nelson,Standard User Special,8000,12000,CN,Yes,Controlled,$/kWh,0.1146,0.117,0.1255,0.1346,0.1401,0.1381,0.1358,0.1299,0.1233,0.1176,0.1134,0.111,0.1265
Nelson,Standard User Special,8000,12000,N8,No,Night Meter,$/kWh,0.1056,0.108,0.1165,0.1256,0.1311,0.1291,0.1268,0.1209,0.1143,0.1086,0.1044,0.102,0.1175
Tasman,Low User Special,0,8000,Fixed,Yes,Daily Charge,$/day,0.3,0.3,0.3,0.3,0.3,0.3,0.3,0.3,0.3,0.3,0.3,0.3,0.3
Tasman,Low User Special,0,8000,UN,Yes,Uncontrolled,$/kWh,0.2066,0.2114,0.2191,0.2282,0.2339,0.2318,0.2294,0.2243,0.2169,0.2113,0.207,0.2029,0.2197
Tasman,Low User Special,0,8000,CN,Yes,Controlled,$/kWh,0.1563,0.1611,0.1688,0.1779,0.1836,0.1815,0.1791,0.174,0.1666,0.161,0.1567,0.1526,0.1694
Tasman,Low User Special,0,8000,N,No,Night,$/kWh,0.1443,0.1491,0.1568,0.1659,0.1716,0.1695,0.1671,0.162,0.1546,0.149,0.1447,0.1406,0.1574
Tasman,Low User Special,0,8000,N8,No,Night Meter,$/kWh,0.1443,0.1491,0.1568,0.1659,0.1716,0.1695,0.1671,0.162,0.1546,0.149,0.1447,0.1406,0.1574
Tasman,Low User Special,0,8000,D,No,Day,$/kWh,0.216,0.2208,0.2285,0.2376,0.2433,0.2412,0.2388,0.2337,0.2263,0.2207,0.2164,0.2123,0.2291
Tasman,Standard User Special,8000,12000,Fixed,Yes,Daily Charge,$/day,0.8431,0.8431,0.8431,0.8431,0.8431,0.8431,0.8431,0.8431,0.8431,0.8431,0.8431,0.8431,0.8431
Tasman,Standard User Special,8000,12000,UN,Yes,Uncontrolled,$/kWh,0.1818,0.1866,0.1943,0.2034,0.2091,0.207,0.2046,0.1995,0.1921,0.1865,0.1822,0.1781,0.1949
Tasman,Standard User Special,8000,12000,CN,Yes,Controlled,$/kWh,0.1315,0.1363,0.144,0.1531,0.1588,0.1567,0.1543,0.1492,0.1418,0.1362,0.1319,0.1278,0.1446
Tasman,Standard User Special,8000,12000,N,No,Night,$/kWh,0.1195,0.1243,0.132,0.1411,0.1468,0.1447,0.1423,0.1372,0.1298,0.1242,0.1199,0.1158,0.1326
Tasman,Standard User Special,8000,12000,N8,No,Night Meter,$/kWh,0.1195,0.1243,0.132,0.1411,0.1468,0.1447,0.1423,0.1372,0.1298,0.1242,0.1199,0.1158,0.1326
Tasman,Standard User Special,8000,12000,D,No,Day,$/kWh,0.1912,0.196,0.2037,0.2128,0.2185,0.2164,0.214,0.2089,0.2015,0.1959,0.1916,0.1875,0.2043
Marlborough,Low User Special,0,8000,Fixed,Yes,Daily Charge,$/day,0.3,0.3,0.3,0.3,0.3,0.3,0.3,0.3,0.3,0.3,0.3,0.3,0.3
Marlborough,Low User Special,0,8000,UN,Yes,Uncontrolled,$/kWh,0.2414,0.2446,0.2548,0.2647,0.2704,0.2683,0.2659,0.26,0.2534,0.2461,0.2418,0.2378,0.2553
Marlborough,Low User Special,0,8000,CN,Yes,Controlled,$/kWh,0.2062,0.2094,0.2196,0.2295,0.2352,0.2331,0.2307,0.2248,0.2182,0.2109,0.2066,0.2026,0.2201
Marlborough,Low User Special,0,8000,N8,No,Night Meter,$/kWh,0.1782,0.1814,0.1916,0.2015,0.2072,0.2051,0.2027,0.1968,0.1902,0.1829,0.1786,0.1746,0.1921
Marlborough,Standard User Special,8000,12000,Fixed,Yes,Daily Charge,$/day,1.8361,1.8361,1.8361,1.8361,1.8361,1.8361,1.8361,1.8361,1.8361,1.8361,1.8361,1.8361,1.8361
Marlborough,Standard User Special,8000,12000,UN,Yes,Uncontrolled,$/kWh,0.1713,0.1745,0.1847,0.1946,0.2003,0.1982,0.1958,0.1899,0.1833,0.176,0.1717,0.1677,0.1852
Marlborough,Standard User Special,8000,12000,CN,Yes,Controlled,$/kWh,0.1362,0.1394,0.1496,0.1595,0.1652,0.1631,0.1607,0.1548,0.1482,0.1409,0.1366,0.1326,0.1501
Marlborough,Standard User Special,8000,12000,N8,No,Night Meter,$/kWh,0.1081,0.1113,0.1215,0.1314,0.1371,0.135,0.1326,0.1267,0.1201,0.1128,0.1085,0.1045,0.122
Westland,Low User Special,0,8000,Fixed,Yes,Daily Charge,$/day,0.3,0.3,0.3,0.3,0.3,0.3,0.3,0.3,0.3,0.3,0.3,0.3,0.3
Westland,Low User Special,0,8000,UN,Yes,Uncontrolled,$/kWh,0.2472,0.2576,0.2692,0.2742,0.2806,0.2783,0.2756,0.2704,0.2589,0.2492,0.2448,0.2432,0.2633
Westland,Low User Special,0,8000,CN,Yes,Controlled,$/kWh,0.1957,0.2061,0.2177,0.2227,0.2291,0.2268,0.2241,0.2189,0.2074,0.1977,0.1933,0.1917,0.2118
Westland,Low User Special,0,8000,D,No,Day,$/kWh,0.2684,0.2788,0.2904,0.2954,0.3018,0.2995,0.2968,0.2916,0.2801,0.2704,0.266,0.2644,0.2845
Westland,Low User Special,0,8000,N,No,Night,$/kWh,0.1258,0.1362,0.1478,0.1528,0.1592,0.1569,0.1542,0.149,0.1375,0.1278,0.1234,0.1218,0.1419
Westland,Low User Special,0,8000,N10,No,Night Meter,$/kWh,0.1497,0.1601,0.1717,0.1767,0.1831,0.1808,0.1781,0.1729,0.1614,0.1517,0.1473,0.1457,0.1658
Westland,Standard User Special,8000,12000,Fixed,Yes,Daily Charge,$/day,0.8431,0.8431,0.8431,0.8431,0.8431,0.8431,0.8431,0.8431,0.8431,0.8431,0.8431,0.8431,0.8431
Westland,Standard User Special,8000,12000,UN,Yes,Uncontrolled,$/kWh,0.2225,0.2329,0.2445,0.2495,0.2559,0.2536,0.2509,0.2457,0.2342,0.2245,0.2201,0.2185,0.2386
Westland,Standard User Special,8000,12000,CN,Yes,Controlled,$/kWh,0.171,0.1814,0.193,0.198,0.2044,0.2021,0.1994,0.1942,0.1827,0.173,0.1686,0.167,0.1871
Westland,Standard User Special,8000,12000,D,No,Day,$/kWh,0.2436,0.254,0.2656,0.2706,0.277,0.2747,0.272,0.2668,0.2553,0.2456,0.2412,0.2396,0.2597
Westland,Standard User Special,8000,12000,N,No,Night,$/kWh,0.101,0.1114,0.123,0.128,0.1344,0.1321,0.1294,0.1242,0.1127,0.103,0.0986,0.097,0.1171
Westland,Standard User Special,8000,12000,N10,No,Night Meter,$/kWh,0.1249,0.1353,0.1469,0.1519,0.1583,0.156,0.1533,0.1481,0.1366,0.1269,0.1225,0.1209,0.141
North Canterbury,Low User Special,0,8000,Fixed,Yes,Daily Charge,$/day,0.3,0.3,0.3,0.3,0.3,0.3,0.3,0.3,0.3,0.3,0.3,0.3,0.3
North Canterbury,Low User Special,0,8000,UN,No,Uncontrolled,$/kWh,0.2158,0.2173,0.2291,0.2365,0.2422,0.2401,0.2377,0.2318,0.2261,0.2179,0.2153,0.2121,0.2287
North Canterbury,Low User Special,0,8000,IN,Yes,All Inclusive,$/kWh,0.1953,0.1968,0.2086,0.216,0.2217,0.2196,0.2172,0.2113,0.2056,0.1974,0.1948,0.1916,0.2082
North Canterbury,Low User Special,0,8000,D,No,Day,$/kWh,0.1953,0.1968,0.2086,0.216,0.2217,0.2196,0.2172,0.2113,0.2056,0.1974,0.1948,0.1916,0.2082
North Canterbury,Low User Special,0,8000,N,No,Night,$/kWh,0.1953,0.1968,0.2086,0.216,0.2217,0.2196,0.2172,0.2113,0.2056,0.1974,0.1948,0.1916,0.2082
North Canterbury,Low User Special,0,8000,N8,No,Night Meter,$/kWh,0.1621,0.1636,0.1754,0.1828,0.1885,0.1864,0.184,0.1781,0.1724,0.1642,0.1616,0.1584,0.175
North Canterbury,Standard User Special,8000,12000,Fixed,Yes,Daily Charge,$/day,1.2931,1.2931,1.2931,1.2931,1.2931,1.2931,1.2931,1.2931,1.2931,1.2931,1.2931,1.2931,1.2931
North Canterbury,Standard User Special,8000,12000,UN,No,Uncontrolled,$/kWh,0.1705,0.172,0.1838,0.1912,0.1969,0.1948,0.1924,0.1865,0.1808,0.1726,0.17,0.1668,0.1834
North Canterbury,Standard User Special,8000,12000,IN,Yes,All Inclusive,$/kWh,0.1705,0.172,0.1838,0.1912,0.1969,0.1948,0.1924,0.1865,0.1808,0.1726,0.17,0.1668,0.1834
North Canterbury,Standard User Special,8000,12000,D,No,Day,$/kWh,0.1705,0.172,0.1838,0.1912,0.1969,0.1948,0.1924,0.1865,0.1808,0.1726,0.17,0.1668,0.1834
North Canterbury,Standard User Special,8000,12000,N,No,Night,$/kWh,0.1705,0.172,0.1838,0.1912,0.1969,0.1948,0.1924,0.1865,0.1808,0.1726,0.17,0.1668,0.1834
North Canterbury,Standard User Special,8000,12000,N8,No,Night Meter,$/kWh,0.11,0.1115,0.1233,0.1307,0.1364,0.1343,0.1319,0.126,0.1203,0.1121,0.1095,0.1063,0.1229
Christchurch,Low User Special,0,9000,Fixed,Yes,Daily Charge,$/day,0.3,0.3,0.3,0.3,0.3,0.3,0.3,0.3,0.3,0.3,0.3,0.3,0.3
Christchurch,Low User Special,0,9000,UN,No,Uncontrolled,$/kWh,0.2126,0.215,0.221,0.2301,0.2355,0.2336,0.2313,0.227,0.2213,0.2156,0.2114,0.209,0.2236
Christchurch,Low User Special,0,9000,IN,Yes,All Inclusive,$/kWh,0.2126,0.215,0.221,0.2301,0.2355,0.2336,0.2313,0.227,0.2213,0.2156,0.2114,0.209,0.2236
Christchurch,Low User Special,0,9000,CN,No,Controlled,$/kWh,0.2126,0.215,0.221,0.2301,0.2355,0.2336,0.2313,0.227,0.2213,0.2156,0.2114,0.209,0.2236
Christchurch,Low User Special,0,9000,N,No,Night,$/kWh,0.1152,0.1176,0.1236,0.1327,0.1381,0.1362,0.1339,0.1296,0.1239,0.1182,0.114,0.1116,0.1262
Christchurch,Low User Special,0,9000,N8,No,Night Meter,$/kWh,0.1152,0.1176,0.1236,0.1327,0.1381,0.1362,0.1339,0.1296,0.1239,0.1182,0.114,0.1116,0.1262
Christchurch,Low User Special,0,9000,D,No,Day,$/kWh,0.2577,0.2601,0.2661,0.2752,0.2806,0.2787,0.2764,0.2721,0.2664,0.2607,0.2565,0.2541,0.2687
Christchurch,Low User Special,0,9000,N11,No,Night Boost,$/kWh,0.1282,0.1306,0.1366,0.1457,0.1511,0.1492,0.1469,0.1426,0.1369,0.1312,0.127,0.1246,0.1392
Christchurch,Standard User Special,9000,12000,Fixed,Yes,Daily Charge,$/day,0.6931,0.6931,0.6931,0.6931,0.6931,0.6931,0.6931,0.6931,0.6931,0.6931,0.6931,0.6931,0.6931
Christchurch,Standard User Special,9000,12000,UN,No,Uncontrolled,$/kWh,0.1967,0.1991,0.2051,0.2142,0.2196,0.2177,0.2154,0.2111,0.2054,0.1997,0.1955,0.1931,0.2077
Christchurch,Standard User Special,9000,12000,IN,Yes,All Inclusive,$/kWh,0.1967,0.1991,0.2051,0.2142,0.2196,0.2177,0.2154,0.2111,0.2054,0.1997,0.1955,0.1931,0.2077
Christchurch,Standard User Special,9000,12000,CN,No,Controlled,$/kWh,0.1967,0.1991,0.2051,0.2142,0.2196,0.2177,0.2154,0.2111,0.2054,0.1997,0.1955,0.1931,0.2077
Christchurch,Standard User Special,9000,12000,N,No,Night,$/kWh,0.0993,0.1017,0.1077,0.1168,0.1222,0.1203,0.118,0.1137,0.108,0.1023,0.0981,0.0957,0.1103
Christchurch,Standard User Special,9000,12000,N8,No,Night Meter,$/kWh,0.0993,0.1017,0.1077,0.1168,0.1222,0.1203,0.118,0.1137,0.108,0.1023,0.0981,0.0957,0.1103
Christchurch,Standard User Special,9000,12000,D,No,Day,$/kWh,0.2418,0.2442,0.2502,0.2593,0.2647,0.2628,0.2605,0.2562,0.2505,0.2448,0.2406,0.2382,0.2528
Christchurch,Standard User Special,9000,12000,N11,No,Night Boost,$/kWh,0.1123,0.1147,0.1207,0.1298,0.1352,0.1333,0.131,0.1267,0.121,0.1153,0.1111,0.1087,0.1233
Mid Canterbury,Low User Special,0,9000,Fixed,Yes,Daily Charge,$/day,0.3,0.3,0.3,0.3,0.3,0.3,0.3,0.3,0.3,0.3,0.3,0.3,0.3
Mid Canterbury,Low User Special,0,9000,UN,Yes,Uncontrolled,$/kWh,0.1999,0.204,0.2116,0.2224,0.228,0.226,0.2236,0.2193,0.2119,0.2046,0.1995,0.1963,0.2143
Mid Canterbury,Low User Special,0,9000,CN,Yes,Controlled,$/kWh,0.1261,0.1302,0.1378,0.1486,0.1542,0.1522,0.1498,0.1455,0.1381,0.1308,0.1257,0.1225,0.1405
Mid Canterbury,Low User Special,0,9000,D,No,Day,$/kWh,0.1999,0.204,0.2116,0.2224,0.228,0.226,0.2236,0.2193,0.2119,0.2046,0.1995,0.1963,0.2143
Mid Canterbury,Low User Special,0,9000,N,No,Night,$/kWh,0.1999,0.204,0.2116,0.2224,0.228,0.226,0.2236,0.2193,0.2119,0.2046,0.1995,0.1963,0.2143
Mid Canterbury,Low User Special,0,9000,N8,No,Night Meter,$/kWh,0.1087,0.1128,0.1204,0.1312,0.1368,0.1348,0.1324,0.1281,0.1207,0.1134,0.1083,0.1051,0.1231
Mid Canterbury,Low User Special,0,9000,N10,No,Night Meter,$/kWh,0.1261,0.1302,0.1378,0.1486,0.1542,0.1522,0.1498,0.1455,0.1381,0.1308,0.1257,0.1225,0.1405
Mid Canterbury,Standard User Special,9000,12000,Fixed,Yes,Daily Charge,$/day,0.8431,0.8431,0.8431,0.8431,0.8431,0.8431,0.8431,0.8431,0.8431,0.8431,0.8431,0.8431,0.8431
Mid Canterbury,Standard User Special,9000,12000,UN,Yes,Uncontrolled,$/kWh,0.1779,0.182,0.1896,0.2004,0.206,0.204,0.2016,0.1973,0.1899,0.1826,0.1775,0.1743,0.1923
Mid Canterbury,Standard User Special,9000,12000,CN,Yes,Controlled,$/kWh,0.1041,0.1082,0.1158,0.1266,0.1322,0.1302,0.1278,0.1235,0.1161,0.1088,0.1037,0.1005,0.1185
Mid Canterbury,Standard User Special,9000,12000,D,No,Day,$/kWh,0.1779,0.182,0.1896,0.2004,0.206,0.204,0.2016,0.1973,0.1899,0.1826,0.1775,0.1743,0.1923
Mid Canterbury,Standard User Special,9000,12000,N,No,Night,$/kWh,0.1779,0.182,0.1896,0.2004,0.206,0.204,0.2016,0.1973,0.1899,0.1826,0.1775,0.1743,0.1923
Mid Canterbury,Standard User Special,9000,12000,N8,No,Night Meter,$/kWh,0.0867,0.0908,0.0984,0.1092,0.1148,0.1128,0.1104,0.1061,0.0987,0.0914,0.0863,0.0831,0.1011
Mid Canterbury,Standard User Special,9000,12000,N10,No,Night Meter,$/kWh,0.1041,0.1082,0.1158,0.1266,0.1322,0.1302,0.1278,0.1235,0.1161,0.1088,0.1037,0.1005,0.1185
Timaru,Low User Special,0,9000,Fixed,Yes,Daily Charge,$/day,0.3,0.3,0.3,0.3,0.3,0.3,0.3,0.3,0.3,0.3,0.3,0.3,0.3
Timaru,Low User Special,0,9000,UN_only,No,Uncontrolled,$/kWh,0.2436,0.2467,0.2527,0.2635,0.269,0.267,0.2646,0.2587,0.253,0.2469,0.2426,0.24,0.2558
Timaru,Low User Special,0,9000,UN,Yes,Uncontrolled,$/kWh,0.2137,0.2168,0.2228,0.2336,0.2391,0.2371,0.2347,0.2288,0.2231,0.217,0.2127,0.2101,0.2259
Timaru,Low User Special,0,9000,IN,No,All Inclusive,$/kWh,0.2137,0.2168,0.2228,0.2336,0.2391,0.2371,0.2347,0.2288,0.2231,0.217,0.2127,0.2101,0.2259
Timaru,Low User Special,0,9000,CN,Yes,Controlled,$/kWh,0.2137,0.2168,0.2228,0.2336,0.2391,0.2371,0.2347,0.2288,0.2231,0.217,0.2127,0.2101,0.2259
Timaru,Low User Special,0,9000,D,No,Day,$/kWh,0.2231,0.2262,0.2322,0.243,0.2485,0.2465,0.2441,0.2382,0.2325,0.2264,0.2221,0.2195,0.2353
Timaru,Low User Special,0,9000,N,No,Night,$/kWh,0.1766,0.1797,0.1857,0.1965,0.202,0.2,0.1976,0.1917,0.186,0.1799,0.1756,0.173,0.1888
Timaru,Low User Special,0,9000,N8,No,Night Meter,$/kWh,0.1766,0.1797,0.1857,0.1965,0.202,0.2,0.1976,0.1917,0.186,0.1799,0.1756,0.173,0.1888
Timaru,Low User Special,0,9000,N11,No,Night Boost,$/kWh,0.1892,0.1923,0.1983,0.2091,0.2146,0.2126,0.2102,0.2043,0.1986,0.1925,0.1882,0.1856,0.2014
Timaru,Standard User Special,9000,12000,Fixed_Unonly,No,Daily Charge,$/day,2.4183,2.4183,2.4183,2.4183,2.4183,2.4183,2.4183,2.4183,2.4183,2.4183,2.4183,2.4183,2.4183
Timaru,Standard User Special,9000,12000,Fixed,Yes,Daily Charge,$/day,1.68055,1.68055,1.68055,1.68055,1.68055,1.68055,1.68055,1.68055,1.68055,1.68055,1.68055,1.68055,1.6806
Timaru,Standard User Special,9000,12000,UN_only,No,Uncontrolled,$/kWh,0.1578,0.1609,0.1669,0.1777,0.1832,0.1812,0.1788,0.1729,0.1672,0.1611,0.1568,0.1542,0.17
Timaru,Standard User Special,9000,12000,UN,Yes,Uncontrolled,$/kWh,0.1578,0.1609,0.1669,0.1777,0.1832,0.1812,0.1788,0.1729,0.1672,0.1611,0.1568,0.1542,0.17
Timaru,Standard User Special,9000,12000,IN,No,All Inclusive,$/kWh,0.1578,0.1609,0.1669,0.1777,0.1832,0.1812,0.1788,0.1729,0.1672,0.1611,0.1568,0.1542,0.17
Timaru,Standard User Special,9000,12000,CN,Yes,Controlled,$/kWh,0.1578,0.1609,0.1669,0.1777,0.1832,0.1812,0.1788,0.1729,0.1672,0.1611,0.1568,0.1542,0.17
Timaru,Standard User Special,9000,12000,D,No,Day,$/kWh,0.1672,0.1703,0.1763,0.1871,0.1926,0.1906,0.1882,0.1823,0.1766,0.1705,0.1662,0.1636,0.1794
Timaru,Standard User Special,9000,12000,N,No,Night,$/kWh,0.1207,0.1238,0.1298,0.1406,0.1461,0.1441,0.1417,0.1358,0.1301,0.124,0.1197,0.1171,0.1329
Timaru,Standard User Special,9000,12000,N8,No,Night Meter,$/kWh,0.1207,0.1238,0.1298,0.1406,0.1461,0.1441,0.1417,0.1358,0.1301,0.124,0.1197,0.1171,0.1329
Timaru,Standard User Special,9000,12000,N11,No,Night Boost,$/kWh,0.1333,0.1364,0.1424,0.1532,0.1587,0.1567,0.1543,0.1484,0.1427,0.1366,0.1323,0.1297,0.1455
South Canterbury (Rural),Low User Special,0,9000,Fixed,Yes,Daily Charge,$/day,0.3,0.3,0.3,0.3,0.3,0.3,0.3,0.3,0.3,0.3,0.3,0.3,0.3
South Canterbury (Rural),Low User Special,0,9000,UN_only,No,Uncontrolled,$/kWh,0.2487,0.2518,0.2578,0.2686,0.2741,0.2721,0.2697,0.2638,0.2581,0.252,0.2477,0.2451,0.2609
South Canterbury (Rural),Low User Special,0,9000,UN,Yes,Uncontrolled,$/kWh,0.2183,0.2214,0.2274,0.2382,0.2437,0.2417,0.2393,0.2334,0.2277,0.2216,0.2173,0.2147,0.2305
South Canterbury (Rural),Low User Special,0,9000,IN,No,All Inclusive,$/kWh,0.2183,0.2214,0.2274,0.2382,0.2437,0.2417,0.2393,0.2334,0.2277,0.2216,0.2173,0.2147,0.2305
South Canterbury (Rural),Low User Special,0,9000,CN,Yes,Controlled,$/kWh,0.2183,0.2214,0.2274,0.2382,0.2437,0.2417,0.2393,0.2334,0.2277,0.2216,0.2173,0.2147,0.2305
South Canterbury (Rural),Low User Special,0,9000,D,No,Day,$/kWh,0.2277,0.2308,0.2368,0.2476,0.2531,0.2511,0.2487,0.2428,0.2371,0.231,0.2267,0.2241,0.2399
South Canterbury (Rural),Low User Special,0,9000,N,No,Night,$/kWh,0.1812,0.1843,0.1903,0.2011,0.2066,0.2046,0.2022,0.1963,0.1906,0.1845,0.1802,0.1776,0.1934
South Canterbury (Rural),Low User Special,0,9000,N8,No,Night Meter,$/kWh,0.1812,0.1843,0.1903,0.2011,0.2066,0.2046,0.2022,0.1963,0.1906,0.1845,0.1802,0.1776,0.1934
South Canterbury (Rural),Low User Special,0,9000,N11,No,Night Boost,$/kWh,0.1938,0.1969,0.2029,0.2137,0.2192,0.2172,0.2148,0.2089,0.2032,0.1971,0.1928,0.1902,0.206
South Canterbury (Rural),Standard User Special,9000,12000,Fixed_Unonly,No,Daily Charge,$/day,2.54315,2.54315,2.54315,2.54315,2.54315,2.54315,2.54315,2.54315,2.54315,2.54315,2.54315,2.54315,2.5432
South Canterbury (Rural),Standard User Special,9000,12000,Fixed,Yes,Daily Charge,$/day,1.79405,1.79405,1.79405,1.79405,1.79405,1.79405,1.79405,1.79405,1.79405,1.79405,1.79405,1.79405,1.7941
South Canterbury (Rural),Standard User Special,9000,12000,UN_only,No,Uncontrolled,$/kWh,0.1578,0.1609,0.1669,0.1777,0.1832,0.1812,0.1788,0.1729,0.1672,0.1611,0.1568,0.1542,0.17
South Canterbury (Rural),Standard User Special,9000,12000,UN,Yes,Uncontrolled,$/kWh,0.1578,0.1609,0.1669,0.1777,0.1832,0.1812,0.1788,0.1729,0.1672,0.1611,0.1568,0.1542,0.17
South Canterbury (Rural),Standard User Special,9000,12000,IN,No,All Inclusive,$/kWh,0.1578,0.1609,0.1669,0.1777,0.1832,0.1812,0.1788,0.1729,0.1672,0.1611,0.1568,0.1542,0.17
South Canterbury (Rural),Standard User Special,9000,12000,CN,Yes,Controlled,$/kWh,0.1578,0.1609,0.1669,0.1777,0.1832,0.1812,0.1788,0.1729,0.1672,0.1611,0.1568,0.1542,0.17
South Canterbury (Rural),Standard User Special,9000,12000,D,No,Day,$/kWh,0.1672,0.1703,0.1763,0.1871,0.1926,0.1906,0.1882,0.1823,0.1766,0.1705,0.1662,0.1636,0.1794
South Canterbury (Rural),Standard User Special,9000,12000,N,No,Night,$/kWh,0.1207,0.1238,0.1298,0.1406,0.1461,0.1441,0.1417,0.1358,0.1301,0.124,0.1197,0.1171,0.1329
South Canterbury (Rural),Standard User Special,9000,12000,N8,No,Night Meter,$/kWh,0.1207,0.1238,0.1298,0.1406,0.1461,0.1441,0.1417,0.1358,0.1301,0.124,0.1197,0.1171,0.1329
South Canterbury (Rural),Standard User Special,9000,12000,N11,No,Night Boost,$/kWh,0.1333,0.1364,0.1424,0.1532,0.1587,0.1567,0.1543,0.1484,0.1427,0.1366,0.1323,0.1297,0.1455
Oamaru & Waitaki District,Low User Special,0,9000,Fixed,Yes,Daily Charge,$/day,0.3,0.3,0.3,0.3,0.3,0.3,0.3,0.3,0.3,0.3,0.3,0.3,0.3
Oamaru & Waitaki District,Low User Special,0,9000,UN_only,No,Uncontrolled,$/kWh,0.2101,0.2125,0.2204,0.2301,0.2355,0.2335,0.2312,0.2264,0.2196,0.2131,0.2089,0.2065,0.2225
Oamaru & Waitaki District,Low User Special,0,9000,UN,Yes,Uncontrolled,$/kWh,0.1978,0.2002,0.2081,0.2178,0.2232,0.2212,0.2189,0.2141,0.2073,0.2008,0.1966,0.1942,0.2102
Oamaru & Waitaki District,Low User Special,0,9000,CN,Yes,Controlled,$/kWh,0.1978,0.2002,0.2081,0.2178,0.2232,0.2212,0.2189,0.2141,0.2073,0.2008,0.1966,0.1942,0.2102
Oamaru & Waitaki District,Low User Special,0,9000,D,No,Day,$/kWh,0.2162,0.2186,0.2265,0.2362,0.2416,0.2396,0.2373,0.2325,0.2257,0.2192,0.215,0.2126,0.2286
Oamaru & Waitaki District,Low User Special,0,9000,N,No,Night,$/kWh,0.1344,0.1368,0.1447,0.1544,0.1598,0.1578,0.1555,0.1507,0.1439,0.1374,0.1332,0.1308,0.1468
Oamaru & Waitaki District,Low User Special,0,9000,N8,No,Night Meter,$/kWh,0.1344,0.1368,0.1447,0.1544,0.1598,0.1578,0.1555,0.1507,0.1439,0.1374,0.1332,0.1308,0.1468
Oamaru & Waitaki District,Low User Special,0,9000,N11,No,Night Boost,$/kWh,0.1567,0.1591,0.167,0.1767,0.1821,0.1801,0.1778,0.173,0.1662,0.1597,0.1555,0.1531,0.1691
Oamaru & Waitaki District,Standard User Special,9000,12000,Fixed_Unonly,No,Daily Charge,$/day,1.5805,1.5805,1.5805,1.5805,1.5805,1.5805,1.5805,1.5805,1.5805,1.5805,1.5805,1.5805,1.5805
Oamaru & Waitaki District,Standard User Special,9000,12000,Fixed,Yes,Daily Charge,$/day,1.2793,1.2793,1.2793,1.2793,1.2793,1.2793,1.2793,1.2793,1.2793,1.2793,1.2793,1.2793,1.2793
Oamaru & Waitaki District,Standard User Special,9000,12000,UN_only,No,Uncontrolled,$/kWh,0.1582,0.1606,0.1685,0.1782,0.1836,0.1816,0.1793,0.1745,0.1677,0.1612,0.157,0.1546,0.1706
Oamaru & Waitaki District,Standard User Special,9000,12000,UN,Yes,Uncontrolled,$/kWh,0.1582,0.1606,0.1685,0.1782,0.1836,0.1816,0.1793,0.1745,0.1677,0.1612,0.157,0.1546,0.1706
Oamaru & Waitaki District,Standard User Special,9000,12000,CN,Yes,Controlled,$/kWh,0.1582,0.1606,0.1685,0.1782,0.1836,0.1816,0.1793,0.1745,0.1677,0.1612,0.157,0.1546,0.1706
Oamaru & Waitaki District,Standard User Special,9000,12000,D,No,Day,$/kWh,0.1766,0.179,0.1869,0.1966,0.202,0.2,0.1977,0.1929,0.1861,0.1796,0.1754,0.173,0.189
Oamaru & Waitaki District,Standard User Special,9000,12000,N,No,Night,$/kWh,0.0948,0.0972,0.1051,0.1148,0.1202,0.1182,0.1159,0.1111,0.1043,0.0978,0.0936,0.0912,0.1072
Oamaru & Waitaki District,Standard User Special,9000,12000,N8,No,Night Meter,$/kWh,0.0948,0.0972,0.1051,0.1148,0.1202,0.1182,0.1159,0.1111,0.1043,0.0978,0.0936,0.0912,0.1072
Oamaru & Waitaki District,Standard User Special,9000,12000,N11,No,Night Boost,$/kWh,0.1171,0.1195,0.1274,0.1371,0.1425,0.1405,0.1382,0.1334,0.1266,0.1201,0.1159,0.1135,0.1295
Queenstown,Low User Special,0,9000,Fixed,Yes,Daily Charge,$/day,0.3,0.3,0.3,0.3,0.3,0.3,0.3,0.3,0.3,0.3,0.3,0.3,0.3
Queenstown,Low User Special,0,9000,UN,Yes,Uncontrolled,$/kWh,0.1977,0.1985,0.2078,0.2201,0.2708,0.2687,0.2663,0.2619,0.2537,0.2006,0.1964,0.1941,0.236
Queenstown,Low User Special,0,9000,CN,Yes,Controlled,$/kWh,0.1415,0.1423,0.1516,0.1639,0.1696,0.1675,0.1651,0.1607,0.1525,0.1444,0.1402,0.1379,0.1556
Queenstown,Low User Special,0,9000,N,No,Night,$/kWh,0.1184,0.1192,0.1285,0.1408,0.1465,0.1444,0.142,0.1376,0.1294,0.1213,0.1171,0.1148,0.1325
Queenstown,Low User Special,0,9000,N8,No,Night Meter,$/kWh,0.1184,0.1192,0.1285,0.1408,0.1465,0.1444,0.142,0.1376,0.1294,0.1213,0.1171,0.1148,0.1325
Queenstown,Low User Special,0,9000,D,No,Day,$/kWh,0.1977,0.1985,0.2078,0.2201,0.2708,0.2687,0.2663,0.2619,0.2537,0.2006,0.1964,0.1941,0.236
Queenstown,Low User Special,0,9000,N11,No,Night Boost,$/kWh,0.1338,0.1346,0.1439,0.1562,0.1619,0.1598,0.1574,0.153,0.1448,0.1367,0.1325,0.1302,0.1479
Queenstown,Low User Special,0,9000,N13,No,Night Boost Plus,$/kWh,0.1535,0.1543,0.1636,0.1759,0.1816,0.1795,0.1771,0.1727,0.1645,0.1564,0.1522,0.1499,0.1676
Queenstown,Standard User Special,9000,12000,Fixed,Yes,Daily Charge,$/day,0.8431,0.8431,0.8431,0.8431,0.8431,0.8431,0.8431,0.8431,0.8431,0.8431,0.8431,0.8431,0.8431
Queenstown,Standard User Special,9000,12000,UN,Yes,Uncontrolled,$/kWh,0.1757,0.1765,0.1858,0.1981,0.2488,0.2467,0.2443,0.2399,0.2317,0.1786,0.1744,0.1721,0.214
Queenstown,Standard User Special,9000,12000,CN,Yes,Controlled,$/kWh,0.1195,0.1203,0.1296,0.1419,0.1476,0.1455,0.1431,0.1387,0.1305,0.1224,0.1182,0.1159,0.1336
Queenstown,Standard User Special,9000,12000,N,No,Night,$/kWh,0.0964,0.0972,0.1065,0.1188,0.1245,0.1224,0.12,0.1156,0.1074,0.0993,0.0951,0.0928,0.1105
Queenstown,Standard User Special,9000,12000,N8,No,Night Meter,$/kWh,0.0964,0.0972,0.1065,0.1188,0.1245,0.1224,0.12,0.1156,0.1074,0.0993,0.0951,0.0928,0.1105
Queenstown,Standard User Special,9000,12000,D,No,Day,$/kWh,0.1757,0.1765,0.1858,0.1981,0.2488,0.2467,0.2443,0.2399,0.2317,0.1786,0.1744,0.1721,0.214
Queenstown,Standard User Special,9000,12000,N11,No,Night Boost,$/kWh,0.1118,0.1126,0.1219,0.1342,0.1399,0.1378,0.1354,0.131,0.1228,0.1147,0.1105,0.1082,0.1259
Queenstown,Standard User Special,9000,12000,N13,No,Night Boost Plus,$/kWh,0.1315,0.1323,0.1416,0.1539,0.1596,0.1575,0.1551,0.1507,0.1425,0.1344,0.1302,0.1279,0.1456
Central Otago,Low User Special,0,9000,Fixed,Yes,Daily Charge,$/day,0.3,0.3,0.3,0.3,0.3,0.3,0.3,0.3,0.3,0.3,0.3,0.3,0.3
Central Otago,Low User Special,0,9000,UN,Yes,Uncontrolled,$/kWh,0.2221,0.2229,0.2322,0.2445,0.3068,0.3047,0.3023,0.2979,0.2897,0.225,0.2208,0.2185,0.2621
Central Otago,Low User Special,0,9000,CN,Yes,Controlled,$/kWh,0.1709,0.1717,0.181,0.1933,0.199,0.1969,0.1945,0.1901,0.1819,0.1738,0.1696,0.1673,0.1837
Central Otago,Low User Special,0,9000,N,No,Night,$/kWh,0.1492,0.15,0.1593,0.1716,0.1773,0.1752,0.1728,0.1684,0.1602,0.1521,0.1479,0.1456,0.162
Central Otago,Low User Special,0,9000,N8,No,Night Meter,$/kWh,0.1492,0.15,0.1593,0.1716,0.1773,0.1752,0.1728,0.1684,0.1602,0.1521,0.1479,0.1456,0.162
Central Otago,Low User Special,0,9000,D,No,Day,$/kWh,0.2221,0.2229,0.2322,0.2445,0.3068,0.3047,0.3023,0.2979,0.2897,0.225,0.2208,0.2185,0.2621
Central Otago,Low User Special,0,9000,N11,No,Night Boost,$/kWh,0.1642,0.165,0.1743,0.1866,0.1923,0.1902,0.1878,0.1834,0.1752,0.1671,0.1629,0.1606,0.177
Central Otago,Standard User Special,9000,12000,Fixed,Yes,Daily Charge,$/day,0.8431,0.8431,0.8431,0.8431,0.8431,0.8431,0.8431,0.8431,0.8431,0.8431,0.8431,0.8431,0.8431
Central Otago,Standard User Special,9000,12000,UN,Yes,Uncontrolled,$/kWh,0.2001,0.2009,0.2102,0.2225,0.2848,0.2827,0.2803,0.2759,0.2677,0.203,0.1988,0.1965,0.2401
Central Otago,Standard User Special,9000,12000,CN,Yes,Controlled,$/kWh,0.1489,0.1497,0.159,0.1713,0.177,0.1749,0.1725,0.1681,0.1599,0.1518,0.1476,0.1453,0.1617
Central Otago,Standard User Special,9000,12000,N,No,Night,$/kWh,0.1272,0.128,0.1373,0.1496,0.1553,0.1532,0.1508,0.1464,0.1382,0.1301,0.1259,0.1236,0.14
Central Otago,Standard User Special,9000,12000,N8,No,Night Meter,$/kWh,0.1272,0.128,0.1373,0.1496,0.1553,0.1532,0.1508,0.1464,0.1382,0.1301,0.1259,0.1236,0.14
Central Otago,Standard User Special,9000,12000,D,No,Day,$/kWh,0.2001,0.2009,0.2102,0.2225,0.2848,0.2827,0.2803,0.2759,0.2677,0.203,0.1988,0.1965,0.2401
Central Otago,Standard User Special,9000,12000,N11,No,Night Boost,$/kWh,0.1422,0.143,0.1523,0.1646,0.1703,0.1682,0.1658,0.1614,0.1532,0.1451,0.1409,0.1386,0.155
South and East Otago,Low User Special,0,9000,Fixed,Yes,Daily Charge,$/day,0.3,0.3,0.3,0.3,0.3,0.3,0.3,0.3,0.3,0.3,0.3,0.3,0.3
South and East Otago,Low User Special,0,9000,UN,Yes,Uncontrolled,$/kWh,0.3027,0.2993,0.3087,0.321,0.3264,0.3244,0.3221,0.3179,0.3121,0.3064,0.3014,0.2991,0.3123
South and East Otago,Low User Special,0,9000,IN,No,All Inclusive,$/kWh,0.3027,0.2993,0.3087,0.321,0.3264,0.3244,0.3221,0.3179,0.3121,0.3064,0.3014,0.2991,0.3123
South and East Otago,Low User Special,0,9000,CN,Yes,Controlled,$/kWh,0.3027,0.2993,0.3087,0.321,0.3264,0.3244,0.3221,0.3179,0.3121,0.3064,0.3014,0.2991,0.3123
South and East Otago,Low User Special,0,9000,D,No,Day,$/kWh,0.3543,0.3509,0.3603,0.3726,0.378,0.376,0.3737,0.3695,0.3637,0.358,0.353,0.3507,0.3639
South and East Otago,Low User Special,0,9000,N,No,Night,$/kWh,0.134,0.1306,0.14,0.1523,0.1577,0.1557,0.1534,0.1492,0.1434,0.1377,0.1327,0.1304,0.1436
South and East Otago,Low User Special,0,9000,N8,No,Night Meter,$/kWh,0.134,0.1306,0.14,0.1523,0.1577,0.1557,0.1534,0.1492,0.1434,0.1377,0.1327,0.1304,0.1436
South and East Otago,Low User Special,0,9000,N10,No,Night Meter,$/kWh,0.178,0.1746,0.184,0.1963,0.2017,0.1997,0.1974,0.1932,0.1874,0.1817,0.1767,0.1744,0.1876
South and East Otago,Standard User Special,9000,12000,Fixed,Yes,Daily Charge,$/day,2.5611,2.5611,2.5611,2.5611,2.5611,2.5611,2.5611,2.5611,2.5611,2.5611,2.5611,2.5611,2.5611
South and East Otago,Standard User Special,9000,12000,UN,Yes,Uncontrolled,$/kWh,0.211,0.2076,0.217,0.2293,0.2347,0.2327,0.2304,0.2262,0.2204,0.2147,0.2097,0.2074,0.2206
South and East Otago,Standard User Special,9000,12000,IN,No,All Inclusive,$/kWh,0.211,0.2076,0.217,0.2293,0.2347,0.2327,0.2304,0.2262,0.2204,0.2147,0.2097,0.2074,0.2206
South and East Otago,Standard User Special,9000,12000,CN,Yes,Controlled,$/kWh,0.211,0.2076,0.217,0.2293,0.2347,0.2327,0.2304,0.2262,0.2204,0.2147,0.2097,0.2074,0.2206
South and East Otago,Standard User Special,9000,12000,D,No,Day,$/kWh,0.242,0.2386,0.248,0.2603,0.2657,0.2637,0.2614,0.2572,0.2514,0.2457,0.2407,0.2384,0.2516
South and East Otago,Standard User Special,9000,12000,N,No,Night,$/kWh,0.1043,0.1009,0.1103,0.1226,0.128,0.126,0.1237,0.1195,0.1137,0.108,0.103,0.1007,0.1139
South and East Otago,Standard User Special,9000,12000,N8,No,Night Meter,$/kWh,0.1043,0.1009,0.1103,0.1226,0.128,0.126,0.1237,0.1195,0.1137,0.108,0.103,0.1007,0.1139
South and East Otago,Standard User Special,9000,12000,N10,No,Night Meter,$/kWh,0.1318,0.1284,0.1378,0.1501,0.1555,0.1535,0.1512,0.147,0.1412,0.1355,0.1305,0.1282,0.1414
Dunedin,Low User Special,0,9000,Fixed,Yes,Daily Charge,$/day,0.3,0.3,0.3,0.3,0.3,0.3,0.3,0.3,0.3,0.3,0.3,0.3,0.3
Dunedin,Low User Special,0,9000,UN,No,Uncontrolled,$/kWh,0.1958,0.1966,0.2059,0.2182,0.2677,0.2656,0.2632,0.2588,0.2506,0.1987,0.1945,0.1922,0.2321
Dunedin,Low User Special,0,9000,IN,Yes,All Inclusive,$/kWh,0.1626,0.1634,0.1727,0.185,0.218,0.2159,0.2135,0.2091,0.2009,0.1655,0.1613,0.159,0.1904
Dunedin,Low User Special,0,9000,CN,No,Controlled,$/kWh,0.1389,0.1397,0.149,0.1613,0.167,0.1649,0.1625,0.1581,0.1499,0.1418,0.1376,0.1353,0.1526
Dunedin,Low User Special,0,9000,N,No,Night,$/kWh,0.1123,0.1131,0.1224,0.1347,0.1404,0.1383,0.1359,0.1315,0.1233,0.1152,0.111,0.1087,0.126
Dunedin,Low User Special,0,9000,N8,No,Night Meter,$/kWh,0.1123,0.1131,0.1224,0.1347,0.1404,0.1383,0.1359,0.1315,0.1233,0.1152,0.111,0.1087,0.126
Dunedin,Low User Special,0,9000,D,No,Day,$/kWh,0.1899,0.1907,0.2,0.2123,0.2593,0.2572,0.2548,0.2504,0.2422,0.1928,0.1886,0.1863,0.2249
Dunedin,Low User Special,0,9000,N11,No,Night Boost,$/kWh,0.1318,0.1326,0.1419,0.1542,0.1599,0.1578,0.1554,0.151,0.1428,0.1347,0.1305,0.1282,0.1455
Dunedin,Standard User Special,9000,12000,Fixed,Yes,Daily Charge,$/day,0.8431,0.8431,0.8431,0.8431,0.8431,0.8431,0.8431,0.8431,0.8431,0.8431,0.8431,0.8431,0.8431
Dunedin,Standard User Special,9000,12000,UN,No,Uncontrolled,$/kWh,0.1738,0.1746,0.1839,0.1962,0.2457,0.2436,0.2412,0.2368,0.2286,0.1767,0.1725,0.1702,0.2101
Dunedin,Standard User Special,9000,12000,IN,Yes,All Inclusive,$/kWh,0.1406,0.1414,0.1507,0.163,0.196,0.1939,0.1915,0.1871,0.1789,0.1435,0.1393,0.137,0.1684
Dunedin,Standard User Special,9000,12000,CN,No,Controlled,$/kWh,0.1169,0.1177,0.127,0.1393,0.145,0.1429,0.1405,0.1361,0.1279,0.1198,0.1156,0.1133,0.1306
Dunedin,Standard User Special,9000,12000,N,No,Night,$/kWh,0.0903,0.0911,0.1004,0.1127,0.1184,0.1163,0.1139,0.1095,0.1013,0.0932,0.089,0.0867,0.104
Dunedin,Standard User Special,9000,12000,N8,No,Night Meter,$/kWh,0.0903,0.0911,0.1004,0.1127,0.1184,0.1163,0.1139,0.1095,0.1013,0.0932,0.089,0.0867,0.104
Dunedin,Standard User Special,9000,12000,D,No,Day,$/kWh,0.1679,0.1687,0.178,0.1903,0.2373,0.2352,0.2328,0.2284,0.2202,0.1708,0.1666,0.1643,0.2029
Dunedin,Standard User Special,9000,12000,N11,No,Night Boost,$/kWh,0.1098,0.1106,0.1199,0.1322,0.1379,0.1358,0.1334,0.129,0.1208,0.1127,0.1085,0.1062,0.1235
Southland (Urban),Low User Special,0,9000,Fixed,Yes,Daily Charge,$/day,0.3,0.3,0.3,0.3,0.3,0.3,0.3,0.3,0.3,0.3,0.3,0.3,0.3
Southland (Urban),Low User Special,0,9000,UN_only,No,Uncontrolled,$/kWh,0.231,0.2276,0.237,0.2493,0.2547,0.2527,0.2504,0.2462,0.2404,0.2347,0.2297,0.2274,0.2409
Southland (Urban),Low User Special,0,9000,UN,Yes,Uncontrolled,$/kWh,0.2261,0.2227,0.2321,0.2444,0.2498,0.2478,0.2455,0.2413,0.2355,0.2298,0.2248,0.2225,0.236
Southland (Urban),Low User Special,0,9000,CN,Yes,Controlled,$/kWh,0.2261,0.2227,0.2321,0.2444,0.2498,0.2478,0.2455,0.2413,0.2355,0.2298,0.2248,0.2225,0.236
Southland (Urban),Low User Special,0,9000,D,No,Day,$/kWh,0.2451,0.2417,0.2511,0.2634,0.2688,0.2668,0.2645,0.2603,0.2545,0.2488,0.2438,0.2415,0.255
Southland (Urban),Low User Special,0,9000,N,No,Night,$/kWh,0.1063,0.1029,0.1123,0.1246,0.13,0.128,0.1257,0.1215,0.1157,0.11,0.105,0.1027,0.1162
Southland (Urban),Low User Special,0,9000,N8,No,Night Meter,$/kWh,0.1063,0.1029,0.1123,0.1246,0.13,0.128,0.1257,0.1215,0.1157,0.11,0.105,0.1027,0.1162
Southland (Urban),Low User Special,0,9000,N11,No,Night Boost,$/kWh,0.1482,0.1448,0.1542,0.1665,0.1719,0.1699,0.1676,0.1634,0.1576,0.1519,0.1469,0.1446,0.1581
Southland (Urban),Standard User Special,9000,12000,Fixed_Unonly,No,Daily Charge,$/day,2.3805,2.3805,2.3805,2.3805,2.3805,2.3805,2.3805,2.3805,2.3805,2.3805,2.3805,2.3805,2.3805
Southland (Urban),Standard User Special,9000,12000,Fixed,Yes,Daily Charge,$/day,1.8702,1.8702,1.8702,1.8702,1.8702,1.8702,1.8702,1.8702,1.8702,1.8702,1.8702,1.8702,1.8702
Southland (Urban),Standard User Special,9000,12000,UN,Yes,Uncontrolled,$/kWh,0.1624,0.159,0.1684,0.1807,0.1861,0.1841,0.1818,0.1776,0.1718,0.1661,0.1611,0.1588,0.1723
Southland (Urban),Standard User Special,9000,12000,CN,Yes,Controlled,$/kWh,0.1624,0.159,0.1684,0.1807,0.1861,0.1841,0.1818,0.1776,0.1718,0.1661,0.1611,0.1588,0.1723
Southland (Urban),Standard User Special,9000,12000,D,No,Day,$/kWh,0.1814,0.178,0.1874,0.1997,0.2051,0.2031,0.2008,0.1966,0.1908,0.1851,0.1801,0.1778,0.1913
Southland (Urban),Standard User Special,9000,12000,N,No,Night,$/kWh,0.0863,0.0829,0.0923,0.1046,0.11,0.108,0.1057,0.1015,0.0957,0.09,0.085,0.0827,0.0962
Southland (Urban),Standard User Special,9000,12000,N8,No,Night Meter,$/kWh,0.0863,0.0829,0.0923,0.1046,0.11,0.108,0.1057,0.1015,0.0957,0.09,0.085,0.0827,0.0962
Southland (Urban),Standard User Special,9000,12000,N11,No,Night Boost,$/kWh,0.1123,0.1089,0.1183,0.1306,0.136,0.134,0.1317,0.1275,0.1217,0.116,0.111,0.1087,0.1222
Southland (Rural),Low User Special,0,9000,Fixed,Yes,Daily Charge,$/day,0.3,0.3,0.3,0.3,0.3,0.3,0.3,0.3,0.3,0.3,0.3,0.3,0.3
Southland (Rural),Low User Special,0,9000,UN_only,No,Uncontrolled,$/kWh,0.231,0.2276,0.237,0.2493,0.2547,0.2527,0.2504,0.2462,0.2404,0.2347,0.2297,0.2274,0.2409
Southland (Rural),Low User Special,0,9000,UN,Yes,Uncontrolled,$/kWh,0.229,0.2256,0.235,0.2473,0.2527,0.2507,0.2484,0.2442,0.2384,0.2327,0.2277,0.2254,0.2389
Southland (Rural),Low User Special,0,9000,CN,Yes,Controlled,$/kWh,0.229,0.2256,0.235,0.2473,0.2527,0.2507,0.2484,0.2442,0.2384,0.2327,0.2277,0.2254,0.2389
Southland (Rural),Low User Special,0,9000,D,No,Day,$/kWh,0.2596,0.2562,0.2656,0.2779,0.2833,0.2813,0.279,0.2748,0.269,0.2633,0.2583,0.256,0.2695
Southland (Rural),Low User Special,0,9000,N,No,Night,$/kWh,0.1063,0.1029,0.1123,0.1246,0.13,0.128,0.1257,0.1215,0.1157,0.11,0.105,0.1027,0.1162
Southland (Rural),Low User Special,0,9000,N8,No,Night Meter,$/kWh,0.1063,0.1029,0.1123,0.1246,0.13,0.128,0.1257,0.1215,0.1157,0.11,0.105,0.1027,0.1162
Southland (Rural),Low User Special,0,9000,N11,No,Night Boost,$/kWh,0.1482,0.1448,0.1542,0.1665,0.1719,0.1699,0.1676,0.1634,0.1576,0.1519,0.1469,0.1446,0.1581
Southland (Rural),Standard User Special,9000,12000,Fixed_Unonly,No,Daily Charge,$/day,2.6362,2.6362,2.6362,2.6362,2.6362,2.6362,2.6362,2.6362,2.6362,2.6362,2.6362,2.6362,2.6362
Southland (Rural),Standard User Special,9000,12000,Fixed,Yes,Daily Charge,$/day,2.0228,2.0228,2.0228,2.0228,2.0228,2.0228,2.0228,2.0228,2.0228,2.0228,2.0228,2.0228,2.0228
Southland (Rural),Standard User Special,9000,12000,UN,Yes,Uncontrolled,$/kWh,0.1624,0.159,0.1684,0.1807,0.1861,0.1841,0.1818,0.1776,0.1718,0.1661,0.1611,0.1588,0.1723
Southland (Rural),Standard User Special,9000,12000,CN,Yes,Controlled,$/kWh,0.1624,0.159,0.1684,0.1807,0.1861,0.1841,0.1818,0.1776,0.1718,0.1661,0.1611,0.1588,0.1723
Southland (Rural),Standard User Special,9000,12000,D,No,Day,$/kWh,0.1814,0.178,0.1874,0.1997,0.2051,0.2031,0.2008,0.1966,0.1908,0.1851,0.1801,0.1778,0.1913
Southland (Rural),Standard User Special,9000,12000,N,No,Night,$/kWh,0.0863,0.0829,0.0923,0.1046,0.11,0.108,0.1057,0.1015,0.0957,0.09,0.085,0.0827,0.0962
Southland (Rural),Standard User Special,9000,12000,N8,No,Night Meter,$/kWh,0.0863,0.0829,0.0923,0.1046,0.11,0.108,0.1057,0.1015,0.0957,0.09,0.085,0.0827,0.0962
Southland (Rural),Standard User Special,9000,12000,N11,No,Night Boost,$/kWh,0.1123,0.1089,0.1183,0.1306,0.136,0.134,0.1317,0.1275,0.1217,0.116,0.111,0.1087,0.1222
Invercargill Central & Bluff,Low User Special,0,9000,Fixed,Yes,Daily Charge,$/day,0.3,0.3,0.3,0.3,0.3,0.3,0.3,0.3,0.3,0.3,0.3,0.3,0.3
Invercargill Central & Bluff,Low User Special,0,9000,UN_only,No,Uncontrolled,$/kWh,0.2044,0.201,0.2104,0.2227,0.2281,0.2261,0.2238,0.2196,0.2138,0.2081,0.2031,0.2008,0.2155
Invercargill Central & Bluff,Low User Special,0,9000,UN,Yes,Uncontrolled,$/kWh,0.2012,0.1978,0.2072,0.2195,0.2249,0.2229,0.2206,0.2164,0.2106,0.2049,0.1999,0.1976,0.2123
Invercargill Central & Bluff,Low User Special,0,9000,CN,Yes,Controlled,$/kWh,0.2012,0.1978,0.2072,0.2195,0.2249,0.2229,0.2206,0.2164,0.2106,0.2049,0.1999,0.1976,0.2123
Invercargill Central & Bluff,Low User Special,0,9000,D,No,Day,$/kWh,0.2167,0.2133,0.2227,0.235,0.2404,0.2384,0.2361,0.2319,0.2261,0.2204,0.2154,0.2131,0.2278
Invercargill Central & Bluff,Low User Special,0,9000,N,No,Night,$/kWh,0.1063,0.1029,0.1123,0.1246,0.13,0.128,0.1257,0.1215,0.1157,0.11,0.105,0.1027,0.1174
Invercargill Central & Bluff,Low User Special,0,9000,N8,No,Night Meter,$/kWh,0.1063,0.1029,0.1123,0.1246,0.13,0.128,0.1257,0.1215,0.1157,0.11,0.105,0.1027,0.1174
Invercargill Central & Bluff,Low User Special,0,9000,N11,No,Night Boost,$/kWh,0.1391,0.1357,0.1451,0.1574,0.1628,0.1608,0.1585,0.1543,0.1485,0.1428,0.1378,0.1355,0.1502
Invercargill Central & Bluff,Standard User Special,9000,12000,Fixed_Unonly,No,Daily Charge,$/day,1.969,1.969,1.969,1.969,1.969,1.969,1.969,1.969,1.969,1.969,1.969,1.969,1.969
Invercargill Central & Bluff,Standard User Special,9000,12000,Fixed,Yes,Daily Charge,$/day,1.5791,1.5791,1.5791,1.5791,1.5791,1.5791,1.5791,1.5791,1.5791,1.5791,1.5791,1.5791,1.5791
Invercargill Central & Bluff,Standard User Special,9000,12000,UN,Yes,Uncontrolled,$/kWh,0.1493,0.1459,0.1553,0.1676,0.173,0.171,0.1687,0.1645,0.1587,0.153,0.148,0.1457,0.1604
Invercargill Central & Bluff,Standard User Special,9000,12000,CN,Yes,Controlled,$/kWh,0.1493,0.1459,0.1553,0.1676,0.173,0.171,0.1687,0.1645,0.1587,0.153,0.148,0.1457,0.1604
Invercargill Central & Bluff,Standard User Special,9000,12000,D,No,Day,$/kWh,0.1648,0.1614,0.1708,0.1831,0.1885,0.1865,0.1842,0.18,0.1742,0.1685,0.1635,0.1612,0.1759
Invercargill Central & Bluff,Standard User Special,9000,12000,N,No,Night,$/kWh,0.0863,0.0829,0.0923,0.1046,0.11,0.108,0.1057,0.1015,0.0957,0.09,0.085,0.0827,0.0974
Invercargill Central & Bluff,Standard User Special,9000,12000,N8,No,Night Meter,$/kWh,0.0863,0.0829,0.0923,0.1046,0.11,0.108,0.1057,0.1015,0.0957,0.09,0.085,0.0827,0.0974
Invercargill Central & Bluff,Standard User Special,9000,12000,N11,No,Night Boost,$/kWh,0.1075,0.1041,0.1135,0.1258,0.1312,0.1292,0.1269,0.1227,0.1169,0.1112,0.1062,0.1039,0.1186
